Date,Open,High,Low,Close,Adj Close,Volume
1/3/2017,74.019997,74.019997,72.150002,72.709999,72.709999,2517600
1/4/2017,72.449997,73.790001,72.449997,73.019997,73.019997,2199300
1/5/2017,71.989998,73,70.309998,70.93,70.93,3579000
1/6/2017,70.980003,71.889999,69.75,71.370003,71.370003,3648100
1/9/2017,71.059998,72,70.879997,71.279999,71.279999,1937700
1/10/2017,71.470001,74.339996,71.440002,73.660004,73.660004,3545200
1/11/2017,75.510002,76.75,74.940002,75.040001,75.040001,5185900
1/12/2017,74.639999,75.639999,72.900002,74,74,4144400
1/13/2017,74.029999,74.75,73.889999,74.32,74.32,2949500
1/17/2017,73.940002,75.089996,73.550003,73.739998,73.739998,4151500
1/18/2017,73,74.93,72.410004,74,74,4568900
1/19/2017,74.059998,74.839996,73.260002,74.019997,74.019997,2768100
1/20/2017,74.300003,75.480003,74.089996,75.239998,75.239998,2966200
1/23/2017,74.660004,75.089996,72.639999,72.75,72.75,4420200
1/24/2017,73.080002,73.580002,72.660004,73.18,73.18,2665300
1/25/2017,73.580002,74.599998,73.040001,73.589996,73.589996,2786800
1/26/2017,74.470001,76,74.120003,75.379997,75.379997,5429700
1/27/2017,75.75,75.980003,74.040001,74.419998,74.419998,4382500
1/30/2017,72.989998,72.989998,70,71.720001,71.720001,3905700
1/31/2017,71.779999,71.779999,69.339996,70.470001,70.470001,5455300
2/1/2017,70.949997,71.860001,70.690002,71.480003,71.480003,3414200
2/2/2017,70.730003,72.339996,70.550003,72.139999,72.139999,3104900
2/3/2017,72.529999,73.25,72.050003,73.059998,73.059998,2517900
2/6/2017,73.400002,74.779999,72.779999,73.5,73.5,3934400
2/7/2017,73.959999,74,71.25,71.290001,71.290001,4972000
2/8/2017,71.5,71.769997,70.730003,71.699997,71.699997,2970600
2/9/2017,71.379997,73.300003,71.230003,72.980003,72.980003,3759700
2/10/2017,73.370003,73.370003,72.199997,72.599998,72.599998,1942400
2/13/2017,72.849998,74.160004,72.839996,73.839996,73.839996,3283800
2/14/2017,73.440002,73.879997,72,73.739998,73.739998,2538100
2/15/2017,75.290001,76.230003,74.82,75.75,75.75,5001600
2/16/2017,75.93,76.300003,75.099998,75.669998,75.669998,2199200
2/17/2017,75.489998,75.970001,74.599998,75.959999,75.959999,1890800
2/21/2017,75.900002,76.230003,74.419998,75.410004,75.410004,2663500
2/22/2017,75.209999,75.57,74.349998,75.43,75.43,1703600
2/23/2017,75.870003,76.459999,73.879997,74.559998,74.559998,4967300
2/24/2017,73.959999,75.110001,73.540001,75.080002,75.080002,2056300
2/27/2017,74.910004,75.519997,74.349998,75.279999,75.279999,1897400
2/28/2017,75.370003,75.370003,73.610001,74.089996,74.089996,3003600
3/1/2017,74.639999,76.650002,74.629997,75.389999,75.389999,3726500
3/2/2017,74.349998,74.739998,73.209999,73.279999,73.279999,2862100
3/3/2017,73.699997,75.989998,73.440002,75.589996,75.589996,4247200
3/6/2017,74.849998,74.849998,71.900002,73.139999,73.139999,5898800
3/7/2017,72.690002,73.230003,72.150002,72.639999,72.639999,3764000
3/8/2017,72.970001,73.650002,72.309998,73.440002,73.440002,3508400
3/9/2017,73.209999,74.599998,72.43,72.540001,72.540001,3732200
3/10/2017,72.330002,73.199997,71.639999,72.339996,72.339996,4552700
3/13/2017,72.190002,72.699997,69.660004,69.849998,69.849998,6741900
3/14/2017,69.379997,69.419998,66.339996,66.550003,66.550003,8262400
3/15/2017,65,68.370003,64.32,68.169998,68.169998,11321600
3/16/2017,67.900002,67.970001,66.440002,67.559998,67.559998,8794400
3/17/2017,67.82,67.910004,66.650002,66.790001,66.790001,5837500
3/20/2017,67.150002,68.050003,66.599998,67.489998,67.489998,4326000
3/21/2017,67.760002,67.870003,65.150002,65.279999,65.279999,4923300
3/22/2017,64.919998,66.959999,64.160004,66.949997,66.949997,4928800
3/23/2017,67.019997,68.559998,66.900002,67.5,67.5,4444400
3/24/2017,67.550003,68.510002,67.529999,67.93,67.93,2626900
3/27/2017,66.720001,68.739998,66.260002,68.370003,68.370003,2943100
3/28/2017,68.410004,71.089996,68.18,70.739998,70.739998,4972900
3/29/2017,70.449997,71,69.529999,69.849998,69.849998,3409900
3/30/2017,69.660004,70.959999,69.660004,70.779999,70.779999,2462400
3/31/2017,70.68,71.190002,70.449997,70.639999,70.639999,2406800
4/3/2017,70.690002,71.419998,69.419998,71.349998,71.349998,2947500
4/4/2017,70.760002,71.080002,69.580002,69.760002,69.760002,2658300
4/5/2017,70.230003,71.349998,69.809998,70.059998,70.059998,2640300
4/6/2017,70.160004,70.93,69.559998,70.220001,70.220001,1874200
4/7/2017,69.970001,71.019997,69.720001,70.879997,70.879997,2471100
4/10/2017,70.550003,72.099998,70.25,71.519997,71.519997,3460400
4/11/2017,70.150002,70.720001,68.360001,70.709999,70.709999,17696500
4/12/2017,71.650002,71.730003,69.690002,69.93,69.93,7622900
4/13/2017,69.900002,70.139999,69.07,69.07,69.07,5185200
4/17/2017,69.510002,70.809998,69.010002,70.769997,70.769997,4761900
4/18/2017,70.970001,70.980003,67.550003,67.75,67.75,11002900
4/19/2017,68.470001,69.790001,67.769997,69.290001,69.290001,6768400
4/20/2017,69.809998,70.089996,69.510002,69.800003,69.800003,4103700
4/21/2017,69.699997,69.889999,68.879997,69.559998,69.559998,3274100
4/24/2017,70.5,71.029999,70.150002,71,71,4638900
4/25/2017,71.400002,72.07,70.760002,70.970001,70.970001,3519800
4/26/2017,71.089996,71.919998,70.660004,71.330002,71.330002,4739700
4/27/2017,69.769997,70.760002,68.620003,70.699997,70.699997,5512200
4/28/2017,70.870003,71.260002,70,70.209999,70.209999,2909300
5/1/2017,70.559998,71.480003,70.239998,70.269997,70.269997,3317400
5/2/2017,70.43,73.989998,70.400002,73.940002,73.940002,5434700
5/3/2017,73.300003,74.449997,73.099998,74.209999,74.209999,2690300
5/4/2017,74.559998,75.169998,73.919998,74.910004,74.910004,2886300
5/5/2017,74.970001,75.360001,74.650002,75.300003,75.300003,2166200
5/8/2017,75.339996,75.849998,74.769997,74.980003,74.980003,3082000
5/9/2017,75.639999,79.150002,75.639999,78.550003,78.550003,5841200
5/10/2017,78.480003,78.959999,78.019997,78.550003,78.550003,3308400
5/11/2017,78.18,78.190002,76.529999,77.360001,77.360001,2780900
5/12/2017,76.75,77.449997,76.209999,76.410004,76.410004,2051300
5/15/2017,76.199997,78.339996,76.190002,77.790001,77.790001,3461700
5/16/2017,78.220001,79.099998,77.440002,79.059998,79.059998,3320400
5/17/2017,79.059998,79.059998,75.940002,76.18,76.18,5673000
5/18/2017,76.32,77.18,75.620003,75.980003,75.980003,3559600
5/19/2017,76.419998,78.339996,76.18,77.980003,77.980003,4143600
5/22/2017,78.440002,79.199997,78.370003,78.919998,78.919998,2469100
5/23/2017,79.110001,79.260002,78.419998,79.029999,79.029999,1821900
5/24/2017,79.139999,79.730003,78.580002,78.940002,78.940002,1942000
5/25/2017,79.18,81.540001,79.029999,81.410004,81.410004,3647700
5/26/2017,81.169998,81.959999,80.739998,81.25,81.25,2537300
5/30/2017,80.900002,80.949997,79.010002,79.25,79.25,3428700
5/31/2017,79.730003,79.959999,78.559998,79.669998,79.669998,2523200
6/1/2017,79.989998,80.989998,79.459999,80.980003,80.980003,2458600
6/2/2017,81.489998,83.040001,81.459999,82.029999,82.029999,3206500
6/5/2017,82.040001,82.339996,81.209999,81.669998,81.669998,1840500
6/6/2017,81.07,81.809998,80.650002,81.239998,81.239998,2171000
6/7/2017,79.669998,81.860001,78.349998,81.660004,81.660004,6263100
6/8/2017,81.660004,81.870003,80.199997,80.519997,80.519997,4005600
6/9/2017,80.959999,81.5,78.150002,78.830002,78.830002,5285700
6/12/2017,79.019997,79.080002,76.230003,77.730003,77.730003,5146500
6/13/2017,77.830002,78.599998,76.330002,77.480003,77.480003,4073100
6/14/2017,77.870003,77.919998,76.349998,77.559998,77.559998,2479600
6/15/2017,77.169998,77.379997,76.110001,77.339996,77.339996,3560800
6/16/2017,77.510002,77.720001,76.489998,76.779999,76.779999,3165000
6/19/2017,77.129997,78.760002,76.790001,78.629997,78.629997,3336800
6/20/2017,79.040001,79.339996,77.25,77.279999,77.279999,2389100
6/21/2017,77.620003,78.080002,76.970001,77.589996,77.589996,2134400
6/22/2017,78.370003,78.910004,77.080002,77.449997,77.449997,3160100
6/23/2017,77.480003,77.529999,76.550003,76.790001,76.790001,4623400
6/26/2017,76.870003,78.400002,76.550003,77.029999,77.029999,2545100
6/27/2017,77.080002,77.449997,75.940002,76,76,2767500
6/28/2017,76.510002,77.370003,76.300003,76.699997,76.699997,2628800
6/29/2017,76.82,77.480003,74.970001,75.440002,75.440002,3524900
6/30/2017,76.190002,76.190002,75.220001,75.25,75.25,3456500
7/3/2017,75.849998,76.650002,75.059998,75.080002,75.080002,2390800
7/5/2017,75.349998,76.860001,74.43,76.540001,76.540001,4519500
7/6/2017,76,78.529999,75.699997,77.709999,77.709999,4312700
7/7/2017,77.980003,79.290001,77.529999,78.940002,78.940002,4200500
7/10/2017,78.489998,79.120003,77.769997,78.260002,78.260002,4082400
7/11/2017,78.089996,78.190002,76.910004,76.919998,76.919998,3516300
7/12/2017,78.699997,80.809998,78.610001,80.529999,80.529999,5053900
7/13/2017,80.5,81.389999,79.669998,80.169998,80.169998,3477700
7/14/2017,80,80.169998,79.050003,79.849998,79.849998,2127900
7/17/2017,79.660004,80.120003,79.18,79.779999,79.779999,2355400
7/18/2017,79.300003,79.68,78.290001,78.900002,78.900002,4118000
7/19/2017,76.230003,76.699997,73.699997,74.239998,74.239998,15491000
7/20/2017,74.099998,74.25,72.029999,72.080002,72.080002,8095700
7/21/2017,72.190002,72.43,71.339996,71.57,71.57,5996000
7/24/2017,71.230003,71.879997,70.339996,70.43,70.43,4314400
7/25/2017,71.139999,71.279999,69.349998,69.480003,69.480003,4696300
7/26/2017,69.5,70.360001,69,70.239998,70.239998,4442000
7/27/2017,69.019997,69.019997,66.449997,68.089996,68.089996,7925700
7/28/2017,67.879997,68.269997,67.129997,67.879997,67.879997,4989600
7/31/2017,68.480003,68.650002,67.57,67.68,67.68,2509000
8/1/2017,68.150002,68.550003,67.550003,67.860001,67.860001,2767800
8/2/2017,68.010002,68.269997,66.93,67.440002,67.440002,3191600
8/3/2017,67.440002,68.489998,67.309998,68.190002,68.190002,3752000
8/4/2017,68.370003,69.309998,68.18,68.910004,68.910004,3278000
8/7/2017,69.089996,69.290001,68.360001,68.389999,68.389999,3095700
8/8/2017,68.150002,68.720001,67.529999,67.790001,67.790001,2640700
8/9/2017,67.379997,67.970001,66.800003,67.059998,67.059998,3533500
8/10/2017,66.82,66.959999,65.110001,65.239998,65.239998,4966400
8/11/2017,65.57,66.230003,65.029999,65.870003,65.870003,3512600
8/14/2017,66.5,67.279999,66.410004,66.709999,66.709999,3366100
8/15/2017,67.019997,67.300003,66.480003,66.959999,66.959999,2162800
8/16/2017,66.769997,67.440002,66.769997,66.919998,66.919998,1972400
8/17/2017,66.699997,66.839996,64.589996,64.699997,64.699997,3905600
8/18/2017,64.769997,65.489998,64.269997,64.75,64.75,3197000
8/21/2017,64.730003,65.330002,64.5,64.849998,64.849998,2899400
8/22/2017,64.919998,65.32,64.18,64.699997,64.699997,3703200
8/23/2017,64.360001,64.529999,62.619999,62.830002,62.830002,4920200
8/24/2017,63.290001,63.290001,61.310001,61.48,61.48,4637400
8/25/2017,61.700001,63.529999,61.57,63.360001,63.360001,4620500
8/28/2017,63.209999,63.240002,62.369999,63.150002,63.150002,4138000
8/29/2017,62.110001,63.360001,62.049999,62.889999,62.889999,5212800
8/30/2017,62.73,62.759998,61.939999,62.02,62.02,4694700
8/31/2017,62.490002,63.040001,61.889999,61.959999,61.959999,3909300
9/1/2017,62.540001,62.73,61.66,62.43,62.43,3868400
9/5/2017,62,63.080002,61.099998,61.099998,61.099998,5522500
9/6/2017,58.93,60.380001,57.740002,60.330002,60.330002,10848800
9/7/2017,60.380001,60.880001,58.450001,58.580002,58.580002,6936500
9/8/2017,58.48,59.09,58.330002,58.380001,58.380001,4086000
9/11/2017,59.060001,60.68,58.830002,60.459999,60.459999,6732700
9/12/2017,60.619999,61.400002,60.029999,61.240002,61.240002,5374400
9/13/2017,61.240002,61.98,60.599998,61.66,61.66,4823100
9/14/2017,61.669998,61.669998,60.900002,61.25,61.25,4067000
9/15/2017,59.799999,60.240002,59.130001,59.799999,59.799999,10105100
9/18/2017,59.849998,59.98,58.049999,58.110001,58.110001,6514100
9/19/2017,58.09,58.740002,57.5,57.540001,57.540001,5330100
9/20/2017,57.580002,58.830002,57.34,58.060001,58.060001,5521700
9/21/2017,58.18,58.950001,57.700001,58.529999,58.529999,4222900
9/22/2017,58.560001,59.310001,58.299999,58.799999,58.799999,4279700
9/25/2017,58.689999,59.48,58.52,59.439999,59.439999,4728100
9/26/2017,59.560001,60.09,59.299999,59.68,59.68,3977200
9/27/2017,59.990002,61,59.689999,60.919998,60.919998,4891300
9/28/2017,60.82,61.889999,60.790001,61.16,61.16,4063000
9/29/2017,61.220001,61.490002,60.759998,60.880001,60.880001,3995500
10/2/2017,60.900002,61.099998,59.990002,60.43,60.43,4460300
10/3/2017,60.380001,64.230003,60.200001,64.139999,64.139999,6821700
10/4/2017,64.639999,65.779999,64.339996,64.470001,64.470001,5469400
10/5/2017,64.360001,64.580002,63.720001,64.32,64.32,4059900
10/6/2017,64.330002,65.980003,64.139999,65.25,65.25,3979600
10/9/2017,65.260002,65.470001,64.389999,64.699997,64.699997,2728800
10/10/2017,67.82,69.620003,67.410004,67.720001,67.720001,10299500
10/11/2017,67.800003,68.760002,67.139999,67.400002,67.400002,6701100
10/12/2017,67.169998,67.550003,66.589996,66.639999,66.639999,3431900
10/13/2017,66.589996,67.610001,66.589996,67.57,67.57,4082100
10/16/2017,67.639999,67.709999,66.730003,66.949997,66.949997,3901700
10/17/2017,67.120003,67.940002,66.800003,67.510002,67.510002,4806900
10/18/2017,67.550003,68.480003,67.440002,67.989998,67.989998,5309300
10/19/2017,66.389999,66.720001,59.560001,59.779999,59.779999,29908900
10/20/2017,60,61.150002,59.34,59.900002,59.900002,10397400
10/23/2017,60.040001,60.07,58.869999,59.099998,59.099998,6910600
10/24/2017,58.900002,60.07,58.040001,59.91,59.91,8758200
10/25/2017,60.41,60.580002,59.419998,59.919998,59.919998,6596500
10/26/2017,60.259998,61.330002,59.470001,59.950001,59.950001,9846800
10/27/2017,60.150002,60.790001,59.619999,60.25,60.25,4894500
10/30/2017,59.779999,59.990002,58.650002,59.040001,59.040001,5278900
10/31/2017,59.029999,59.200001,58.459999,58.48,58.48,5161700
11/1/2017,58.200001,58.939999,58.110001,58.639999,58.639999,4799000
11/2/2017,58.439999,58.869999,58.130001,58.27,58.27,3872100
11/3/2017,58.41,59.82,58.150002,59.650002,59.650002,4924800
11/6/2017,59.439999,60.790001,59.259998,59.919998,59.919998,3948900
11/7/2017,60.009998,60.189999,58.639999,58.709999,58.709999,3681300
11/8/2017,58.549999,59.299999,58.389999,58.919998,58.919998,2651400
11/9/2017,58.419998,58.98,57.93,58.389999,58.389999,3571100
11/10/2017,58.34,59.18,58.290001,58.52,58.52,3180000
11/13/2017,58.220001,58.549999,57.720001,57.810001,57.810001,4480000
11/14/2017,57.700001,57.990002,56.599998,57.200001,57.200001,5187700
11/15/2017,56.990002,57.689999,56.509998,57.490002,57.490002,4940200
11/16/2017,58.07,58.759998,57.59,58.68,58.68,3133300
11/17/2017,58.41,58.59,57.799999,58.200001,58.200001,4260100
11/20/2017,58.259998,58.830002,57.82,58.759998,58.759998,3108400
11/21/2017,58.860001,59.77,58.779999,59.709999,59.709999,2871200
11/22/2017,59.389999,60,59.27,59.689999,59.689999,1804600
11/24/2017,59.619999,59.75,59.25,59.43,59.43,1196700
11/27/2017,59.439999,59.540001,58.93,59.09,59.09,2896300
11/28/2017,59.16,60.380001,59,60.189999,60.189999,4149400
11/29/2017,60.599998,62.290001,60.389999,62.09,62.09,6093300
11/30/2017,62.25,63.84,62.080002,63.32,63.32,4993000
12/1/2017,63.200001,63.490002,61.84,62.57,62.57,4461900
12/4/2017,63.689999,64.330002,62.549999,62.59,62.59,5054300
12/5/2017,62.59,62.720001,61.84,62.200001,62.200001,2635100
12/6/2017,62.16,62.599998,61.779999,62.189999,62.189999,3078600
12/7/2017,62.279999,63.779999,61.84,63.529999,63.529999,3790500
12/8/2017,65.230003,65.290001,63.380001,63.549999,63.549999,5162000
12/11/2017,63.689999,64.690002,63.48,64.239998,64.239998,4067600
12/12/2017,64.449997,64.519997,63.360001,63.360001,63.360001,2827900
12/13/2017,63.52,63.740002,62.450001,63.029999,63.029999,3727300
12/14/2017,63.5,64.040001,62.709999,63.130001,63.130001,5827700
12/15/2017,63.619999,64.470001,63.259998,63.759998,63.759998,6744300
12/18/2017,64.120003,64.760002,63.709999,64.559998,64.559998,3710100
12/19/2017,64.830002,64.989998,64.330002,64.43,64.43,3339400
12/20/2017,65.330002,66.269997,65.040001,65.900002,65.900002,4566600
12/21/2017,66.169998,67.629997,66.150002,67.279999,67.279999,4555000
12/22/2017,67.440002,67.480003,67.110001,67.25,67.25,2154600
12/26/2017,66.940002,67.720001,66.480003,67.349998,67.349998,2347300
12/27/2017,67.620003,67.620003,66.610001,67.120003,67.120003,2939900
12/28/2017,67.120003,67.57,66.879997,67.540001,67.540001,2454400
12/29/2017,67.68,67.989998,67.370003,67.400002,67.400002,3079500
1/2/2018,67.900002,69.010002,67.379997,68.940002,68.940002,3390600
1/3/2018,68.940002,69.370003,67.82,68.489998,68.489998,4590900
1/4/2018,68.690002,69.370003,67.639999,69.260002,69.260002,3922900
1/5/2018,69.400002,69.400002,68.769997,69.360001,69.360001,2675900
1/8/2018,69.370003,69.370003,68.010002,68.510002,68.510002,4277900
1/9/2018,68.5,69.760002,68.389999,68.480003,68.480003,3057000
1/10/2018,70.980003,73.150002,70.449997,73.080002,73.080002,9380400
1/11/2018,73.610001,77.089996,73.25,76.449997,76.449997,6913400
1/12/2018,76.739998,78.839996,76.480003,78.400002,78.400002,4479300
1/16/2018,78.349998,79,76.800003,77.489998,77.489998,3912400
1/17/2018,77.529999,77.610001,76.480003,76.580002,76.580002,2950400
1/18/2018,76.599998,77.099998,75.989998,76.300003,76.300003,3442200
1/19/2018,76.82,76.839996,75.800003,76.5,76.5,3994600
1/22/2018,76.599998,76.879997,75.5,76.870003,76.870003,3010700
1/23/2018,77.099998,78.209999,76.400002,77.970001,77.970001,5115800
1/24/2018,71.43,72,68.07,69.050003,69.050003,27117200
1/25/2018,69.360001,69.400002,65.800003,66.080002,66.080002,16960300
1/26/2018,66.330002,66.769997,65.440002,66.559998,66.559998,6503500
1/29/2018,66.220001,66.75,65.459999,65.779999,65.779999,5414800
1/30/2018,66.260002,67.519997,65.779999,67.010002,67.010002,7802300
1/31/2018,67.739998,69.089996,67.32,67.82,67.82,6234800
2/1/2018,67.220001,67.949997,66.230003,67.150002,67.150002,5603300
2/2/2018,66.629997,66.889999,65.480003,65.68,65.68,4189800
2/5/2018,65,65.440002,63.279999,63.400002,63.400002,5433800
2/6/2018,62.16,64.220001,61.959999,63.950001,63.950001,4670800
2/7/2018,63.84,66.580002,63.75,65.360001,65.360001,5694900
2/8/2018,65.169998,65.669998,63.330002,63.369999,63.369999,4634300
2/9/2018,64.239998,64.519997,60.439999,62.98,62.98,6070000
2/12/2018,63.330002,64.830002,62.970001,64.139999,64.139999,3279800
2/13/2018,63.830002,65.75,63.66,65.699997,65.699997,3151100
2/14/2018,65.400002,66.32,65.160004,65.68,65.68,2747600
2/15/2018,66,66.760002,65.639999,66.739998,66.739998,3722300
2/16/2018,67.050003,67.510002,66.510002,66.519997,66.519997,3309700
2/20/2018,66.099998,66.720001,65.779999,66.589996,66.589996,3391500
2/21/2018,66.389999,68.519997,66.360001,67,67,3376100
2/22/2018,67.5,67.730003,66.449997,66.699997,66.699997,2534600
2/23/2018,67.010002,67.68,66.739998,67.57,67.57,2656700
2/26/2018,68.260002,69.480003,68.25,69.260002,69.260002,4628300
2/27/2018,69,69.400002,67.790001,67.860001,67.860001,3531100
2/28/2018,68,68.610001,67.330002,67.790001,67.790001,3042600
3/1/2018,67.779999,69.339996,67.019997,67.540001,67.540001,4109100
3/2/2018,66.870003,67.690002,65.669998,67.510002,67.510002,3234600
3/5/2018,66.82,67.919998,66.410004,67.209999,67.209999,3036200
3/6/2018,67.209999,67.809998,66.290001,67.519997,67.519997,2472000
3/7/2018,66.809998,67.910004,66.529999,67.809998,67.809998,2734100
3/8/2018,68.32,70.550003,68.050003,69.870003,69.870003,7131600
3/9/2018,70.5,71.639999,69.730003,71.550003,71.550003,5646100
3/12/2018,71.82,72.099998,70.400002,72,72,3738300
3/13/2018,72.870003,73.410004,72.470001,72.599998,72.599998,4832200
3/14/2018,72.349998,73.239998,70.440002,70.739998,70.739998,4138900
3/15/2018,70.980003,71.419998,69.93,70.139999,70.139999,3463500
3/16/2018,70.419998,71.449997,70.099998,70.879997,70.879997,5085200
3/19/2018,71.029999,71.099998,69.510002,70.129997,70.129997,2237900
3/20/2018,70.43,70.959999,70.080002,70.480003,70.480003,2018700
3/21/2018,69.120003,70.639999,68.809998,69.940002,69.940002,2619500
3/22/2018,69.459999,70.489998,68.440002,68.449997,68.449997,3475500
3/23/2018,68.75,68.980003,67.330002,67.389999,67.389999,2899300
3/26/2018,68.389999,68.68,67.32,68.480003,68.480003,2693700
3/27/2018,68.720001,69.910004,67.809998,68.18,68.18,3481500
3/28/2018,68.370003,68.690002,67.230003,67.910004,67.910004,3062000
3/29/2018,68.07,70.040001,68.07,69.470001,69.470001,3003800
4/2/2018,69.120003,69.300003,65.599998,66.769997,66.769997,3988800
4/3/2018,67.160004,69.610001,67.07,69.190002,69.190002,4385300
4/4/2018,68.25,70.129997,67.940002,69.989998,69.989998,3147600
4/5/2018,70.230003,71.209999,69.860001,70.690002,70.690002,3151100
4/6/2018,70.290001,70.550003,68,68.629997,68.629997,3699800
4/9/2018,69.279999,69.730003,68.279999,68.519997,68.519997,5259400
4/10/2018,69.260002,69.5,66.580002,67.589996,67.589996,5342700
4/11/2018,67.019997,67.870003,64.800003,64.870003,64.870003,5370100
4/12/2018,65.639999,66.879997,65.32,66.099998,66.099998,4800400
4/13/2018,66.720001,67.32,66.129997,66.540001,66.540001,2665900
4/16/2018,66.75,68.18,66.709999,67.309998,67.309998,2831800
4/17/2018,67.739998,68.239998,66.75,67.339996,67.339996,4754100
4/18/2018,69.5,72.099998,67.629997,70.580002,70.580002,10265400
4/19/2018,70.620003,71.190002,69.129997,70.230003,70.230003,6380100
4/20/2018,70.419998,72.599998,70.419998,71.75,71.75,6263000
4/23/2018,72.18,72.25,69.709999,70.330002,70.330002,3648400
4/24/2018,70.650002,70.830002,67.720001,68.949997,68.949997,3815300
4/25/2018,68.709999,68.879997,67.139999,68.510002,68.510002,3728600
4/26/2018,67.360001,67.360001,65.449997,66.620003,66.620003,5467000
4/27/2018,66.839996,68.230003,66.839996,67.860001,67.860001,2662200
4/30/2018,67.849998,68.779999,67.440002,67.540001,67.540001,2468300
5/1/2018,67.589996,68.440002,67.07,68.379997,68.379997,2122200
5/2/2018,68.160004,69.349998,67.800003,67.919998,67.919998,3010000
5/3/2018,67.919998,67.919998,66.529999,67.519997,67.519997,2211400
5/4/2018,67.150002,68.839996,67.150002,68.32,68.32,2171200
5/7/2018,68.480003,68.669998,66.980003,67.519997,67.519997,2100400
5/8/2018,67.660004,69.199997,67.239998,67.720001,67.720001,2705400
5/9/2018,67.279999,67.589996,65.57,65.800003,65.800003,4415100
5/10/2018,65.849998,66.519997,65.57,66.019997,66.019997,2689200
5/11/2018,66.110001,67.190002,66.110001,66.919998,66.919998,2887300
5/14/2018,67.339996,67.599998,66.139999,66.639999,66.639999,2775400
5/15/2018,66.550003,68.360001,66.099998,68.029999,68.029999,3262100
5/16/2018,68.029999,70.139999,67.720001,69.739998,69.739998,3385500
5/17/2018,69.75,70.389999,69.32,69.489998,69.489998,2726300
5/18/2018,68.940002,69.639999,68.400002,68.419998,68.419998,3733700
5/21/2018,69.010002,70.660004,68.919998,70.07,70.07,3530500
5/22/2018,70.599998,71.410004,69.709999,69.989998,69.989998,3242100
5/23/2018,69.75,69.889999,68.870003,69.540001,69.540001,1956900
5/24/2018,69.620003,70.669998,69.449997,70.470001,70.470001,2094100
5/25/2018,70.760002,72.739998,70.650002,71.68,71.68,3972500
5/29/2018,70.989998,71.519997,69.040001,69.519997,69.519997,2541000
5/30/2018,69.580002,69.860001,68.989998,69.800003,69.800003,2945700
5/31/2018,69.959999,70.529999,69.199997,69.589996,69.589996,2275900
6/1/2018,70,70.440002,69.099998,69.25,69.25,2326000
6/4/2018,69.360001,70.5,69.360001,69.980003,69.980003,2450000
6/5/2018,69.720001,69.919998,68.57,69.32,69.32,2401800
6/6/2018,68.139999,70.529999,67.93,70.360001,70.360001,2698300
6/7/2018,70.199997,70.209999,68.919998,69.540001,69.540001,2875300
6/8/2018,69.370003,70.150002,69.07,69.989998,69.989998,2713200
6/11/2018,70.830002,73.290001,70.559998,72.150002,72.150002,4261300
6/12/2018,72.400002,72.75,71.419998,72.389999,72.389999,2489100
6/13/2018,72.870003,73.519997,72.379997,72.5,72.5,2389600
6/14/2018,73,74.040001,72.629997,73.019997,73.019997,2693200
6/15/2018,72.970001,74,72.279999,73.889999,73.889999,5148800
6/18/2018,73.339996,74.75,72.75,74.489998,74.489998,4324200
6/19/2018,73.800003,74.25,72.379997,73,73,3482800
6/20/2018,73.120003,74.610001,72.879997,74.07,74.07,2021300
6/21/2018,73.779999,75.440002,73.779999,74.419998,74.419998,2000900
6/22/2018,74.190002,75.529999,72.800003,72.940002,72.940002,3898700
6/25/2018,72.800003,72.800003,70.82,71.330002,71.330002,3305200
6/26/2018,71.389999,71.769997,70.57,71.019997,71.019997,2366500
6/27/2018,71.080002,71.230003,69.529999,69.57,69.57,2633900
6/28/2018,69.68,69.82,68.489998,69.440002,69.440002,2236600
6/29/2018,69.760002,70.370003,69.639999,69.730003,69.730003,2170400
7/2/2018,69.400002,70.989998,69.209999,70.919998,70.919998,1932600
7/3/2018,69.779999,70.970001,69.400002,70.160004,70.160004,1630200
7/5/2018,70.550003,71.160004,70.419998,70.919998,70.919998,3860100
7/6/2018,71.010002,71.370003,70.57,70.959999,70.959999,2292600
7/9/2018,71.230003,72.190002,70.690002,71.790001,71.790001,2240800
7/10/2018,71.769997,71.769997,70.25,71.300003,71.300003,2681700
7/11/2018,70.400002,70.699997,67.940002,68.879997,68.879997,6262000
7/12/2018,69.529999,71.339996,68.860001,71.040001,71.040001,4584700
7/13/2018,70.93,72.239998,70.93,72.099998,72.099998,3067300
7/16/2018,72.330002,72.75,71.519997,72.260002,72.260002,3852500
7/17/2018,72.209999,73.18,71.980003,72.620003,72.620003,5675100
7/18/2018,75.599998,79.489998,75.559998,79,79,15644000
7/19/2018,80,80.919998,79.309998,80.589996,80.589996,10213200
7/20/2018,80.550003,81.550003,80.220001,80.910004,80.910004,4548800
7/23/2018,80.769997,81.910004,80.419998,81.589996,81.589996,3541200
7/24/2018,81.75,81.800003,79.550003,80.040001,80.040001,3847400
7/25/2018,80.400002,81.010002,79.940002,80.559998,80.559998,3859900
7/26/2018,80.449997,82.040001,80.129997,81.239998,81.239998,3915900
7/27/2018,81.029999,81.779999,79.599998,80.010002,80.010002,3509300
7/30/2018,79.620003,80.919998,79.5,80.07,80.07,3447700
7/31/2018,80.260002,81.059998,80.07,80.400002,80.400002,2567400
8/1/2018,80.769997,81.260002,79.830002,80.019997,80.019997,4605100
8/2/2018,79.199997,80.93,78.699997,80.849998,80.849998,2464600
8/3/2018,80.889999,81.639999,80.540001,81.339996,81.339996,2009100
8/6/2018,81.269997,82.260002,81.040001,81.830002,81.830002,2075500
8/7/2018,82.32,82.849998,82.019997,82.32,82.32,1816900
8/8/2018,82.639999,83.449997,82.410004,82.790001,82.790001,1498600
8/9/2018,82.910004,83.660004,82.489998,82.75,82.75,1563100
8/10/2018,82.25,82.330002,80.650002,81.720001,81.720001,2354100
8/13/2018,81.809998,82.18,80.720001,81.209999,81.209999,1832600
8/14/2018,81.050003,82.440002,81.019997,81.440002,81.440002,1795200
8/15/2018,81.260002,82.010002,80.349998,81.870003,81.870003,2542300
8/16/2018,82.139999,82.739998,81.040001,81.900002,81.900002,2041900
8/17/2018,81.690002,82.209999,81.519997,82.010002,82.010002,1671900
8/20/2018,82.410004,85.330002,82.129997,85.220001,85.220001,5629900
8/21/2018,85.470001,86.599998,85.080002,85.660004,85.660004,3152900
8/22/2018,85.230003,85.459999,84.370003,84.529999,84.529999,1296600
8/23/2018,84.599998,85.589996,84.360001,84.739998,84.739998,1365400
8/24/2018,84.489998,85.519997,83.709999,85.139999,85.139999,2389200
8/27/2018,85.699997,86.32,85.57,85.940002,85.940002,1895200
8/28/2018,86.040001,87.370003,85.889999,86.82,86.82,2785000
8/29/2018,86.989998,87.440002,86.400002,87.110001,87.110001,1907800
8/30/2018,86.860001,87.589996,86.510002,86.919998,86.919998,1854400
8/31/2018,86.900002,87.669998,86.669998,87.419998,87.419998,3079500
9/4/2018,87.839996,88.839996,87.660004,88.300003,88.300003,3083300
9/5/2018,88.639999,89.080002,86.260002,88.190002,88.190002,4088000
9/6/2018,88.160004,88.440002,86.5,87.129997,87.129997,5633000
9/7/2018,87.010002,89.480003,86.5,87.68,87.68,2442200
9/10/2018,87.68,88.449997,87.150002,88.089996,88.089996,3205200
9/11/2018,87.959999,89.349998,87.830002,89.120003,89.120003,3513400
9/12/2018,88.900002,89.209999,87.440002,87.800003,87.800003,2467600
9/13/2018,87.980003,90.199997,87.830002,89.580002,89.580002,3571700
9/14/2018,89.739998,90.480003,89.489998,90.330002,90.330002,2448500
9/17/2018,90.5,91.389999,89.940002,90.160004,90.160004,1646300
9/18/2018,89.339996,90.529999,88.650002,90.110001,90.110001,1933600
9/19/2018,90.019997,90.610001,89.18,89.349998,89.349998,2545600
9/20/2018,89.839996,89.919998,88.910004,89.120003,89.120003,2409800
9/21/2018,89.57,90.25,87.110001,89.940002,89.940002,4690400
9/24/2018,89.830002,89.830002,87.029999,87.839996,87.839996,3534900
9/25/2018,87.830002,88.040001,86.82,87.919998,87.919998,2061700
9/26/2018,88.849998,89.459999,88.459999,88.970001,88.970001,2031500
9/27/2018,88.93,89.989998,88.239998,88.339996,88.339996,2156200
9/28/2018,88.330002,89.339996,88.290001,89.059998,89.059998,2091600
10/1/2018,89.290001,89.580002,87.519997,87.610001,87.610001,2459900
10/2/2018,87.239998,87.440002,85.839996,86.709999,86.709999,3210500
10/3/2018,87.019997,87.919998,86.82,87.389999,87.389999,1945400
10/4/2018,87.029999,87.760002,85.519997,86.040001,86.040001,2752000
10/5/2018,86.120003,86.75,84.019997,84.139999,84.139999,4242500
10/8/2018,84,84.489998,82.370003,83.68,83.68,2897300
10/9/2018,83.709999,84.410004,81.279999,81.43,81.43,4287300
10/10/2018,82.800003,82.800003,78.870003,78.93,78.93,5573800
10/11/2018,81.089996,81.980003,78.93,80.120003,80.120003,5567600
10/12/2018,81.309998,81.470001,79.330002,80.18,80.18,2870700
10/15/2018,80.400002,81.949997,80.099998,81.339996,81.339996,3512600
10/16/2018,81.599998,84.209999,81.230003,83.519997,83.519997,4965800
10/17/2018,88.019997,89.480003,86.160004,88.489998,88.489998,10329500
10/18/2018,89,89.610001,86.519997,87.089996,87.089996,4979800
10/19/2018,87.260002,88.830002,87.019997,87.43,87.43,4582700
10/22/2018,87.839996,89.230003,87.339996,88.610001,88.610001,3820100
10/23/2018,87.019997,87.610001,84.440002,86.330002,86.330002,5809000
10/24/2018,86.07,86.709999,81.919998,82.190002,82.190002,5220800
10/25/2018,82.690002,86.269997,82.480003,85.599998,85.599998,4328600
10/26/2018,84.099998,85.580002,82.839996,84.629997,84.629997,3364300
10/29/2018,85.980003,86.949997,83.919998,84.989998,84.989998,3902000
10/30/2018,84.379997,86.25,84.379997,85.849998,85.849998,4363200
10/31/2018,87.25,87.699997,85.370003,85.510002,85.510002,3796500
11/1/2018,85.620003,88.470001,85.620003,88.040001,88.040001,3398900
11/2/2018,88.470001,90.279999,88.010002,88.68,88.68,3335900
11/5/2018,88.980003,89.82,88.279999,89.470001,89.470001,2735500
11/6/2018,90,90.25,88.830002,89.639999,89.639999,2187400
11/7/2018,90.220001,92.330002,89.650002,92.160004,92.160004,3792200
11/8/2018,92.089996,92.849998,91.529999,92.559998,92.559998,2460300
11/9/2018,92.410004,93.599998,91.739998,92.349998,92.349998,4254100
11/12/2018,92.360001,92.690002,91.029999,91.199997,91.199997,2903200
11/13/2018,91.629997,93.379997,91.629997,92.599998,92.599998,3696600
11/14/2018,93.029999,93.470001,91.379997,91.790001,91.790001,2387000
11/15/2018,91.400002,92.660004,89.019997,91.980003,91.980003,3691500
11/16/2018,91.839996,92.599998,90.07,92.260002,92.260002,2837900
11/19/2018,92.32,92.949997,91.160004,92.089996,92.089996,2684600
11/20/2018,91.199997,92.790001,90.449997,91.769997,91.769997,3232500
11/21/2018,91.919998,93.379997,91.82,92.860001,92.860001,3771600
11/23/2018,93.269997,95.080002,92.790001,94.839996,94.839996,2688700
11/26/2018,95.559998,95.809998,91.730003,91.75,91.75,4244700
11/27/2018,92.370003,94.190002,92.129997,93.379997,93.379997,4035900
11/28/2018,94.110001,94.720001,93.419998,94.480003,94.480003,3438600
11/29/2018,94.040001,95.449997,94.029999,95.07,95.07,3617700
11/30/2018,94.900002,96.800003,94.900002,96.699997,96.699997,4034100
12/3/2018,97.669998,97.849998,95.959999,96.459999,96.459999,2800600
12/4/2018,95.029999,95.529999,90.540001,91.940002,91.940002,5576500
12/6/2018,90.940002,93.230003,90.169998,93.029999,93.029999,3766800
12/7/2018,92.239998,92.650002,87.610001,88.230003,88.230003,5052600
12/10/2018,88.050003,89.870003,87.07,88.550003,88.550003,3089500
12/11/2018,89.489998,89.650002,87.529999,88.139999,88.139999,4525100
12/12/2018,88.919998,90.300003,88.349998,89.629997,89.629997,2868500
12/13/2018,89.629997,90.150002,86.230003,87.480003,87.480003,3776400
12/14/2018,86.580002,89.849998,86.580002,87.739998,87.739998,2800700
12/17/2018,87.879997,88.150002,85.919998,86.209999,86.209999,4051900
12/18/2018,87.169998,88.879997,87.169998,87.800003,87.800003,3276800
12/19/2018,87.779999,88.690002,85.389999,86.370003,86.370003,2715100
12/20/2018,86.279999,86.889999,83.260002,84.410004,84.410004,3966500
12/21/2018,84.040001,85.5,81.25,81.470001,81.470001,10687300
12/24/2018,80.910004,81.260002,79.050003,79.120003,79.120003,3338600
12/26/2018,79.849998,83.980003,79.849998,83.800003,83.800003,5253400
12/27/2018,82.82,83.510002,79.440002,83.040001,83.040001,4128500
12/28/2018,83.540001,84.739998,82.629997,83.169998,83.169998,2257400
12/31/2018,83.739998,84.610001,82.919998,83.730003,83.730003,2663700
1/2/2019,81.690002,84.290001,81.410004,84.18,84.18,2973400
1/3/2019,83.260002,83.260002,78.379997,80,80,6426200
1/4/2019,80.879997,83.949997,80.769997,82.68,82.68,3808300
1/7/2019,82.57,83.919998,81.449997,83.230003,83.230003,2653000
1/8/2019,83.300003,84.620003,81.889999,82.379997,82.379997,3910000
1/9/2019,81.230003,83.919998,81.230003,83.760002,83.760002,5332600
1/10/2019,80.730003,81.790001,77.389999,81.370003,81.370003,7376200
1/11/2019,80.68,80.970001,79.230003,80.07,80.07,4325300
1/14/2019,79.279999,80.389999,78.68,79.910004,79.910004,3951200
1/15/2019,80.589996,82.099998,80,81.199997,81.199997,5971900
1/16/2019,86.849998,87.75,85.559998,86.360001,86.360001,10840600
1/17/2019,86.650002,87.260002,85.529999,86.739998,86.739998,3571300
1/18/2019,87.139999,87.190002,85.550003,85.589996,85.589996,3797600
1/22/2019,85.370003,85.410004,82.889999,83.339996,83.339996,3776300
1/23/2019,83.699997,84.959999,82.629997,82.879997,82.879997,3916500
1/24/2019,84.5,85.690002,83.720001,84.029999,84.029999,4740300
1/25/2019,84.699997,85.169998,83.550003,84.139999,84.139999,4745100
1/28/2019,83.169998,85.199997,83.099998,84.599998,84.599998,2762400
1/29/2019,84.699997,85.760002,84.599998,85.669998,85.669998,2273900
1/30/2019,85.900002,87.970001,85.550003,87.470001,87.470001,2541300
1/31/2019,87.559998,88.150002,86.790001,87.269997,87.269997,3762700
2/1/2019,87.209999,88.57,87.169998,87.489998,87.489998,1824200
2/4/2019,87.470001,88.629997,87.279999,88.620003,88.620003,2377400
2/5/2019,88.720001,89.82,88.620003,89.459999,89.459999,3083700
2/6/2019,89.139999,89.879997,88.410004,89.75,89.75,2205400
2/7/2019,89.330002,89.839996,87.669998,87.860001,87.860001,3165300
2/8/2019,87.339996,88.190002,86.660004,88.169998,88.169998,2197500
2/11/2019,88.860001,89.449997,88.169998,89.150002,89.150002,2348900
2/12/2019,89.889999,90.269997,87.879997,87.970001,87.970001,2798500
2/13/2019,88.279999,88.900002,87.940002,88.580002,88.580002,3680100
2/14/2019,88.269997,88.739998,87.5,88.150002,88.150002,1482600
2/15/2019,89.349998,89.349998,88.110001,88.309998,88.309998,2230300
2/19/2019,87.870003,89.82,87.82,89.239998,89.239998,2224200
2/20/2019,88.279999,89.239998,87.290001,88.5,88.5,3151000
2/21/2019,88.370003,89.449997,88.25,88.839996,88.839996,2132500
2/22/2019,88.940002,89.650002,88.650002,89.43,89.43,1907600
2/25/2019,90.050003,90.599998,89.379997,89.580002,89.580002,2395000
2/26/2019,89.57,90.93,89.040001,89.529999,89.529999,4089400
2/27/2019,88.919998,89.260002,86.839996,87.599998,87.599998,2466700
2/28/2019,87.900002,88.699997,87.220001,87.809998,87.809998,2300000
3/1/2019,88.459999,88.620003,85.370003,86.919998,86.919998,3699400
3/4/2019,87.099998,87.239998,83.269997,84.309998,84.309998,4094500
3/5/2019,84.639999,85.720001,83.82,85.050003,85.050003,2848200
3/6/2019,84.889999,85.68,84.269997,84.330002,84.330002,2544100
3/7/2019,83.980003,84.199997,81.949997,82.610001,82.610001,4565700
3/8/2019,81.989998,82.900002,81.620003,82.400002,82.400002,2316800
3/11/2019,81.940002,82.529999,81.739998,82.379997,82.379997,5140500
3/12/2019,82.669998,82.910004,79.589996,79.849998,79.849998,6055300
3/13/2019,80.5,81.400002,79.879997,81.209999,81.209999,3450300
3/14/2019,81.199997,82.059998,81.089996,81.489998,81.489998,1816200
3/15/2019,81.760002,82.480003,81.379997,81.690002,81.690002,4860300
3/18/2019,81.389999,81.739998,80.5,80.730003,80.730003,2780200
3/19/2019,80.93,81.860001,80.75,81.339996,81.339996,2390400
3/20/2019,81.18,81.400002,79.790001,79.830002,79.830002,4660700
3/21/2019,80.290001,81.459999,79.690002,81,81,2330500
3/22/2019,80.639999,80.769997,78.75,79.629997,79.629997,3160000
3/25/2019,79.68,80.010002,78.089996,78.120003,78.120003,4731400
3/26/2019,78.459999,78.82,77.019997,77.489998,77.489998,3061400
3/27/2019,77.540001,79.57,77.5,78.529999,78.529999,2371500
3/28/2019,78.989998,79.290001,77.779999,78.599998,78.599998,1563100
3/29/2019,79.050003,80.050003,78.580002,79.779999,79.779999,2449900
4/1/2019,80.209999,81.690002,79.559998,80.870003,80.870003,2723200
4/2/2019,83.190002,85.099998,82.339996,82.769997,82.769997,3795100
4/3/2019,83.25,84.919998,83.099998,84.199997,84.199997,4047800
4/4/2019,84.510002,85.269997,83.540001,84.639999,84.639999,1748400
4/5/2019,84.949997,85.75,84.519997,84.910004,84.910004,3018100
4/8/2019,84.599998,85.120003,83.800003,84.580002,84.580002,1853000
4/9/2019,84.089996,84.639999,83.459999,84.25,84.25,2016700
4/10/2019,85.330002,85.550003,83.610001,84.519997,84.519997,3547300
4/11/2019,84.559998,86.419998,84.559998,85.75,85.75,2570200
4/12/2019,86.190002,86.5,85.300003,85.489998,85.489998,4507500
4/15/2019,85.309998,85.43,84.080002,84.519997,84.519997,2324200
4/16/2019,84.809998,85.669998,84.389999,85.169998,85.169998,3747800
4/17/2019,87.940002,89.730003,87.290001,89.239998,89.239998,6963700
4/18/2019,89.669998,89.809998,87.459999,88.279999,88.279999,3508300
4/22/2019,87.769997,88.550003,87.150002,87.559998,87.559998,2060600
4/23/2019,87.489998,88.5,87.260002,87.970001,87.970001,2220800
4/24/2019,88.099998,88.959999,87.610001,88.029999,88.029999,2049900
4/25/2019,87.57,89.150002,86.669998,86.860001,86.860001,2152800
4/26/2019,86.559998,88.43,86.489998,87.940002,87.940002,1544900
4/29/2019,88.019997,89.879997,88.019997,89.610001,89.610001,2561900
4/30/2019,89.660004,90.160004,88.639999,88.860001,88.860001,2688200
5/1/2019,89.059998,89.709999,87.779999,87.940002,87.940002,2239600
5/2/2019,88.059998,89.290001,88.010002,88.309998,88.309998,1868600
5/3/2019,88.5,89.059998,88.269997,88.5,88.5,1165000
5/6/2019,87.139999,88.029999,86.519997,87.790001,87.790001,1620400
5/7/2019,86.75,86.760002,84.620003,85.68,85.68,2400000
5/8/2019,85.25,86.089996,84.25,84.639999,84.639999,1900500
5/9/2019,83.839996,84.150002,81.809998,84.120003,84.120003,2329000
5/10/2019,83.5,85.190002,80.989998,84.790001,84.790001,2841900
5/13/2019,83.029999,83.190002,81.440002,82.07,82.07,3908100
5/14/2019,82.260002,83.769997,81.93,83.449997,83.449997,1928500
5/15/2019,82.400002,83.269997,81.330002,82.349998,82.349998,2371000
5/16/2019,82.419998,83.650002,82.050003,82.580002,82.580002,1803300
5/17/2019,82.129997,82.470001,81.230003,81.5,81.5,2857900
5/20/2019,81.389999,82.480003,81,81.739998,81.739998,2355600
5/21/2019,82.5,83.370003,82.419998,82.970001,82.970001,2162600
5/22/2019,82.400002,83,81.699997,81.879997,81.879997,1505800
5/23/2019,81.300003,81.959999,79.769997,80.910004,80.910004,2231100
5/24/2019,81.25,81.75,80.470001,80.790001,80.790001,2266300
5/28/2019,80.5,80.790001,79.660004,79.900002,79.900002,2242100
5/29/2019,79.5,79.529999,78.099998,79.25,79.25,3133100
5/30/2019,79.290001,80.400002,79.040001,79.470001,79.470001,1528900
5/31/2019,78.519997,79.519997,77.400002,77.650002,77.650002,3553800
6/3/2019,77.379997,78.730003,77.349998,77.720001,77.720001,2065200
6/4/2019,78.860001,80.669998,78.550003,80.519997,80.519997,3026500
6/5/2019,80.940002,81.980003,80.489998,81.849998,81.849998,2002500
6/6/2019,83.139999,84.010002,81.93,82.959999,82.959999,2390200
6/7/2019,83.089996,84.849998,83.089996,83.269997,83.269997,1475700
6/10/2019,83.620003,84.540001,82.57,82.669998,82.669998,1697800
6/11/2019,83.339996,83.779999,82.07,82.769997,82.769997,1894400
6/12/2019,82.860001,84.290001,82.839996,83.790001,83.790001,1999800
6/13/2019,84.050003,87.739998,84.050003,87.110001,87.110001,3864900
6/14/2019,87.07,87.910004,86.010002,87.120003,87.120003,1652500
6/17/2019,87.269997,87.559998,86.309998,86.769997,86.769997,1820600
6/18/2019,87.419998,88.660004,87.110001,87.400002,87.400002,1694100
6/19/2019,87.760002,88.879997,87.139999,88.660004,88.660004,2091600
6/20/2019,89.32,89.410004,85.889999,87.139999,87.139999,3261900
6/21/2019,86.309998,88.160004,86.309998,86.720001,86.720001,2461900
6/24/2019,86.779999,87.110001,86.059998,86.550003,86.550003,1507800
6/25/2019,86.629997,87.230003,84.809998,85.059998,85.059998,2480900
6/26/2019,85.379997,85.809998,84.75,85.330002,85.330002,2034700
6/27/2019,85.650002,86.860001,85.129997,86.43,86.43,1394800
6/28/2019,86.660004,87.739998,86.660004,87.550003,87.550003,3025400
7/1/2019,88.839996,89.720001,87.769997,88.449997,88.449997,4016500
7/2/2019,89.209999,90,87.949997,88.870003,88.870003,2237200
7/3/2019,89.139999,91.080002,89.139999,90.669998,90.669998,1647100
7/5/2019,90.389999,90.949997,89.07,90.589996,90.589996,3227300
7/8/2019,90.160004,91.480003,90.099998,90.669998,90.669998,2514600
7/9/2019,90.379997,90.93,89.209999,89.459999,89.459999,3912800
7/10/2019,90.309998,91.07,88.919998,89.510002,89.510002,2395300
7/11/2019,89.510002,90.599998,89,89.480003,89.480003,2262300
7/12/2019,89.699997,91.519997,89.629997,91.230003,91.230003,2894800
7/15/2019,91.599998,92.43,91.150002,91.32,91.32,2388300
7/16/2019,91.809998,94.5,91.800003,93.919998,93.919998,4706100
7/17/2019,94.029999,95.25,92.339996,94.779999,94.779999,6019500
7/18/2019,94.32,95.480003,93.879997,95.279999,95.279999,3299800
7/19/2019,95.379997,96.029999,93.540001,93.830002,93.830002,3360700
7/22/2019,94.07,95.059998,93.769997,93.830002,93.830002,2305100
7/23/2019,94.139999,94.980003,93.75,94.93,94.93,2105100
7/24/2019,94.910004,95.459999,94.239998,95.110001,95.110001,2344400
7/25/2019,94.190002,95.110001,92.959999,93.93,93.93,3196100
7/26/2019,94.019997,94.440002,93.230003,93.360001,93.360001,1684800
7/29/2019,93.440002,94.050003,93.129997,93.440002,93.440002,1957100
7/30/2019,92.830002,93.970001,92.480003,93.93,93.93,1717200
7/31/2019,93.559998,93.82,91.480003,91.910004,91.910004,2125300
8/1/2019,92.029999,93.040001,89.730003,90.489998,90.489998,2518700
8/2/2019,90.010002,90.25,88.830002,89.43,89.43,2281800
8/5/2019,88.879997,88.879997,84.800003,85.589996,85.589996,3721800
8/6/2019,85.910004,86.57,84.970001,85.459999,85.459999,2369900
8/7/2019,84.720001,86.959999,84.029999,86.480003,86.480003,2380100
8/8/2019,86.709999,87.980003,86.589996,87.629997,87.629997,1419900
8/9/2019,87.459999,87.830002,86.099998,86.980003,86.980003,2078700
8/12/2019,86.239998,86.239998,83.949997,84.709999,84.709999,2185000
8/13/2019,84.150002,86.279999,83.529999,84.559998,84.559998,2662800
8/14/2019,83.050003,83.580002,80.779999,81.949997,81.949997,3250500
8/15/2019,82.040001,82.230003,80.830002,81.620003,81.620003,3225800
8/16/2019,82.25,83.309998,81.839996,82.940002,82.940002,2260500
8/19/2019,84.019997,84.93,83.809998,83.889999,83.889999,2268800
8/20/2019,83.650002,84.43,83.209999,84.029999,84.029999,1495000
8/21/2019,84.669998,85.669998,84.629997,85.290001,85.290001,1672600
8/22/2019,85.300003,85.870003,84.690002,85.559998,85.559998,1310100
8/23/2019,85.059998,85.650002,82.220001,82.529999,82.529999,3674600
8/26/2019,83.419998,83.629997,82.449997,83.580002,83.580002,1851400
8/27/2019,84.279999,84.709999,81.75,81.940002,81.940002,2213800
8/28/2019,81.519997,82.989998,81.169998,82.449997,82.449997,2299500
8/29/2019,83.230003,85.129997,83.230003,84.690002,84.690002,4085100
8/30/2019,85.199997,85.68,84.089996,84.309998,84.309998,1928900
9/3/2019,83.639999,83.760002,82.25,83.150002,83.150002,2350100
9/4/2019,83,84.860001,83,83.910004,83.910004,2737800
9/5/2019,84.690002,86.870003,84.690002,85.839996,85.839996,2968900
9/6/2019,86.370003,87.440002,86.199997,86.300003,86.300003,2345100
9/9/2019,86.489998,87.730003,85.910004,87.330002,87.330002,2123100
9/10/2019,87.199997,87.790001,86.610001,87.559998,87.559998,1711700
9/11/2019,87.620003,88.870003,87.169998,88.379997,88.379997,2431500
9/12/2019,88.68,89.830002,88.550003,89.379997,89.379997,2724700
9/13/2019,90.410004,91.839996,89.75,91.349998,91.349998,3000700
9/16/2019,88.300003,90.129997,88.169998,88.760002,88.760002,3438200
9/17/2019,89.379997,91.260002,88.790001,89.980003,89.980003,3553500
9/18/2019,89.699997,90.290001,88.940002,90.230003,90.230003,2153000
9/19/2019,90.349998,90.620003,89.18,89.419998,89.419998,2348800
9/20/2019,89.470001,90.050003,88.919998,89.089996,89.089996,2654900
9/23/2019,88.620003,88.879997,87.419998,88.209999,88.209999,3082500
9/24/2019,88.970001,89.199997,87.510002,88.300003,88.300003,1545100
9/25/2019,88.239998,89.879997,88.239998,89.169998,89.169998,1729500
9/26/2019,89.379997,89.550003,87.769997,88.449997,88.449997,1282400
9/27/2019,88.849998,90.300003,87.82,88.139999,88.139999,1654400
9/30/2019,88.400002,88.980003,87.910004,88.410004,88.410004,1939400
10/1/2019,89.150002,90.190002,87.230003,87.839996,87.839996,2419800
10/2/2019,86,86.849998,82.059998,83.690002,83.690002,4212200
10/3/2019,83.610001,83.610001,80.870003,83.269997,83.269997,2727000
10/4/2019,83.529999,84.470001,83.120003,84.290001,84.290001,1936000
10/7/2019,83.610001,85.260002,83.610001,84.849998,84.849998,2083900
10/8/2019,84.25,86.120003,83.900002,84.690002,84.690002,2548000
10/9/2019,85.739998,87.510002,85.730003,86.459999,86.459999,3124200
10/10/2019,85.389999,87.760002,84.730003,87.339996,87.339996,2701100
10/11/2019,88.519997,89.129997,87.120003,87.150002,87.150002,2455700
10/14/2019,87.110001,87.150002,86.239998,86.970001,86.970001,3421900
10/15/2019,87.279999,88.660004,86.68,87.879997,87.879997,4348500
10/16/2019,89.349998,90.839996,88.220001,89.699997,89.699997,6780700
10/17/2019,90.199997,90.410004,88.93,89.459999,89.459999,2482000
10/18/2019,89.43,90.760002,89.330002,90.089996,90.089996,2722400
10/21/2019,90.489998,91.5,90.489998,90.779999,90.779999,2045100
10/22/2019,90.68,91.050003,89.620003,89.709999,89.709999,1997000
10/23/2019,89.650002,90.169998,88.949997,89.900002,89.900002,1640600
10/24/2019,90.589996,91.510002,89.220001,89.809998,89.809998,2283500
10/25/2019,89.68,91.839996,89.669998,91.639999,91.639999,2218500
10/28/2019,91.830002,92.800003,91.779999,92.190002,92.190002,1841000
10/29/2019,91.879997,92.379997,90.900002,91.029999,91.029999,1552500
10/30/2019,91.050003,91.889999,90.410004,91.669998,91.669998,1694800
10/31/2019,91.120003,91.400002,90.410004,90.839996,90.839996,1997500
11/1/2019,91.650002,92.519997,91.290001,91.650002,91.650002,2248300
11/4/2019,92.309998,92.959999,92.029999,92.389999,92.389999,1905900
11/5/2019,92.629997,93.620003,92.459999,93.120003,93.120003,2624000
11/6/2019,93.419998,93.599998,92.580002,93.339996,93.339996,1179300
11/7/2019,94,95.160004,93.559998,93.800003,93.800003,3014100
11/8/2019,93.809998,93.860001,92.610001,93.440002,93.440002,914900
11/11/2019,92.849998,93.82,92.669998,93.529999,93.529999,1127100
11/12/2019,93.440002,93.879997,92.660004,92.720001,92.720001,1542000
11/13/2019,92.620003,92.980003,92.040001,92.419998,92.419998,1822600
11/14/2019,92.75,92.949997,91.900002,92.519997,92.519997,1051800
11/15/2019,93,93.5,92.32,92.510002,92.510002,1552700
11/18/2019,92.449997,92.790001,91.449997,92.769997,92.769997,1808700
11/19/2019,93.129997,93.720001,92.419998,93.290001,93.290001,1606400
11/20/2019,92.75,93.459999,90.849998,91.699997,91.699997,3133900
11/21/2019,91.879997,92.110001,90.769997,90.970001,90.970001,1630900
11/22/2019,91.099998,91.940002,90.940002,91.779999,91.779999,1440400
11/25/2019,92.110001,93.129997,91.550003,92.519997,92.519997,1941700
11/26/2019,92.480003,92.919998,92.019997,92.760002,92.760002,2042400
11/27/2019,93.059998,93.669998,92.769997,93.050003,93.050003,1602200
11/29/2019,92.800003,93.489998,92.510002,92.800003,92.800003,905800
12/2/2019,93,93.620003,91.440002,91.629997,91.629997,1941600
12/3/2019,90.599998,90.779999,88.5,88.870003,88.870003,3352800
12/4/2019,89.160004,89.809998,88.129997,88.169998,88.169998,2072400
12/5/2019,89.099998,89.330002,87.599998,87.860001,87.860001,1959700
12/6/2019,88.790001,89.5,88.550003,88.580002,88.580002,1485300
12/9/2019,88.489998,88.580002,87.300003,87.610001,87.610001,2160900
12/10/2019,87.580002,87.919998,86.360001,86.510002,86.510002,1994800
12/11/2019,86.470001,87.150002,86.080002,87.019997,87.019997,2418200
12/12/2019,87.699997,89.900002,87.32,88.470001,88.470001,2903600
12/13/2019,88.199997,89.43,87.419998,87.580002,87.580002,1972800
12/16/2019,87.949997,89.459999,87.949997,88.629997,88.629997,2090200
12/17/2019,88.57,89.989998,88.349998,89.360001,89.360001,2218400
12/18/2019,89.5,89.980003,88.360001,88.839996,88.839996,1876900
12/19/2019,89.279999,89.779999,89.050003,89.220001,89.220001,2172500
12/20/2019,89.370003,89.900002,89.050003,89.279999,89.279999,3025900
12/23/2019,89.720001,90.099998,89.279999,89.440002,89.440002,1905900
12/24/2019,89.459999,89.629997,88.660004,89.150002,89.150002,771100
12/26/2019,89.300003,89.720001,88.800003,89.260002,89.260002,1039700
12/27/2019,89.309998,89.389999,88.010002,88.370003,88.370003,1402100
12/30/2019,88.510002,88.860001,87.510002,87.959999,87.959999,1799900
12/31/2019,87.709999,88.459999,87.709999,88.089996,88.089996,2073700
1/2/2020,89.57,90.57,89.110001,89.739998,89.739998,2769800
1/3/2020,86.800003,88.160004,86.260002,87.900002,87.900002,3562900
1/6/2020,86.720001,88.07,86.650002,87.699997,87.699997,2652700
1/7/2020,87.410004,88.160004,86.739998,86.769997,86.769997,2581300
1/8/2020,86.900002,88.449997,86.300003,87.300003,87.300003,4152500
1/9/2020,87.720001,88.720001,87.5,87.949997,87.949997,2252200
1/10/2020,88.040001,88.260002,86.970001,87.309998,87.309998,2035700
1/13/2020,87.309998,87.669998,86.699997,86.889999,86.889999,2707600
1/14/2020,88.169998,89.639999,87.709999,87.849998,87.849998,3243500
1/15/2020,87.610001,88.800003,87.25,88.290001,88.290001,1878900
1/16/2020,88.790001,89.720001,88.779999,89.540001,89.540001,2427500
1/17/2020,89.800003,90.099998,88.959999,89.699997,89.699997,4221100
1/21/2020,87.879997,88,84.57,85.790001,85.790001,9546700
1/22/2020,86.75,87.57,83.150002,83.339996,83.339996,8453200
1/23/2020,83,85.169998,81.059998,84.879997,84.879997,6194300
1/24/2020,84.309998,84.730003,80.279999,81.900002,81.900002,6869800
1/27/2020,78,78.459999,76.550003,77.629997,77.629997,8671300
1/28/2020,78.25,78.470001,77,77.050003,77.050003,7575600
1/29/2020,77.400002,77.489998,75.010002,75.209999,75.209999,5508200
1/30/2020,74.660004,77.980003,74.440002,77.75,77.75,5900400
1/31/2020,77.169998,77.290001,74.519997,74.800003,74.800003,5196600
2/3/2020,75.489998,77.120003,74.879997,74.910004,74.910004,3950600
2/4/2020,76.639999,79.529999,76.5,78.889999,78.889999,6423900
2/5/2020,80.760002,82.360001,80.050003,81.849998,81.849998,6993700
2/6/2020,82.400002,82.720001,79.790001,80.5,80.5,5218800
2/7/2020,80,80.239998,78.650002,79.480003,79.480003,3129700
2/10/2020,78.949997,79.610001,77.779999,79.470001,79.470001,3492700
2/11/2020,80.019997,81.449997,79.940002,80.529999,80.529999,2763600
2/12/2020,81.080002,82.599998,81,82.199997,82.199997,2907100
2/13/2020,81,81.739998,80.370003,80.989998,80.989998,2998800
2/14/2020,81.019997,81.440002,79.400002,79.550003,79.550003,3119700
2/18/2020,79,80.629997,78.650002,80.239998,80.239998,4183400
2/19/2020,80.940002,80.940002,79.190002,79.419998,79.419998,3350300
2/20/2020,79.300003,81.669998,79.300003,79.910004,79.910004,2893900
2/21/2020,79.400002,79.400002,77.32,78.010002,78.010002,4541400
2/24/2020,75.080002,76.019997,73.650002,75.470001,75.470001,6332900
2/25/2020,75.760002,76.18,70.32,70.57,70.57,8076200
2/26/2020,71.75,71.910004,65.889999,66.529999,66.529999,9363900
2/27/2020,62.900002,69.019997,61.200001,64.940002,64.940002,10257100
2/28/2020,62.849998,64.879997,60.830002,61.59,61.59,9930600
3/2/2020,61.130001,61.27,57.040001,61.259998,61.259998,13015200
3/3/2020,63.139999,63.529999,57.959999,58.290001,58.290001,9208800
3/4/2020,59.509998,59.740002,56.32,59.470001,59.470001,10671200
3/5/2020,57.110001,57.16,50.93,51.59,51.59,13974700
3/6/2020,48.610001,56,48.259998,52.099998,52.099998,16492200
3/9/2020,49.59,50.990002,45.919998,46.779999,46.779999,12307600
3/10/2020,51,54.330002,46.619999,52.560001,52.560001,15642900
3/11/2020,50.529999,51.23,48.049999,49.34,49.34,10899400
3/12/2020,42.77,44.310001,37.009998,37.080002,37.080002,19423600
3/13/2020,41.330002,42.490002,34,41.639999,41.639999,24135300
3/16/2020,34.34,39.369999,30.379999,35.470001,35.470001,28259500
3/17/2020,36.490002,38.139999,30.049999,30.67,30.67,21078900
3/18/2020,28.809999,28.969999,17.799999,21.379999,21.379999,35372700
3/19/2020,21.34,23.99,18.09,21.280001,21.280001,31611200
3/20/2020,23.370001,30.74,22.200001,24.5,24.5,37408000
3/23/2020,25.969999,26.6,23.370001,26.25,26.25,25585800
3/24/2020,31.99,34.150002,30.01,33,33,31502500
3/25/2020,38,39.470001,33.290001,36.599998,36.599998,32988800
3/26/2020,38.380001,39.779999,34.529999,35.549999,35.549999,29563600
3/27/2020,35.02,35.200001,32.029999,32.84,32.84,18379600
3/30/2020,30.690001,31.799999,28,30.16,30.16,18386400
3/31/2020,31.309999,33.599998,30.58,31.549999,31.549999,16568800
4/1/2020,29.51,29.690001,25.360001,25.65,25.65,27541600
4/2/2020,25.24,26.09,23,23.42,23.42,25212800
4/3/2020,24.219999,24.940001,21.559999,22.889999,22.889999,28350300
4/6/2020,23.9,24.799999,21.799999,24.02,24.02,32386700
4/7/2020,28.200001,28.690001,23.719999,24.48,24.48,43809300
4/8/2020,25.65,27.540001,24.51,27.51,27.51,32657700
4/9/2020,29.92,34.040001,29.57,31.5,31.5,54118500
4/13/2020,32.630001,32.700001,27.59,28.91,28.91,36493700
4/14/2020,30.52,32.209999,30.379999,30.9,30.9,28650600
4/15/2020,31.969999,32.599998,29.879999,31.860001,31.860001,46775200
4/16/2020,30.35,30.49,27.92,28.209999,28.209999,44795600
4/17/2020,29.9,30.110001,28.860001,29.08,29.08,26829600
4/20/2020,27.93,28.67,26.690001,27.790001,27.790001,37042200
4/21/2020,27.01,28.360001,26.76,27.879999,27.879999,28293200
4/22/2020,27.299999,27.66,25.01,25.879999,25.879999,90534500
4/23/2020,26,26.559999,25.66,25.719999,25.719999,35812500
4/24/2020,25.92,26.15,24.67,25.559999,25.559999,34826700
4/27/2020,25.99,26.34,24.870001,25,25,35980000
4/28/2020,25.860001,28.43,25.5,27.84,27.84,59812100
4/29/2020,29.58,31.84,29.49,31.209999,31.209999,52643500
4/30/2020,29.66,31.07,28.32,29.58,29.58,44896800
5/1/2020,28.1,29.25,26.129999,26.620001,26.620001,47710300
5/4/2020,23.91,25.559999,22.76,25.26,25.26,63152400
5/5/2020,26.040001,26.35,23.98,24.120001,24.120001,35651700
5/6/2020,23.959999,24.35,22.389999,22.91,22.91,43355300
5/7/2020,22.959999,24.450001,22.450001,22.75,22.75,44179300
5/8/2020,23.58,25.440001,23.32,25.42,25.42,54883500
5/11/2020,24.5,24.639999,23.459999,23.969999,23.969999,47485800
5/12/2020,23.950001,24.459999,22.74,22.76,22.76,40420900
5/13/2020,22.51,22.639999,20.33,20.709999,20.709999,59007900
5/14/2020,19.719999,20.43,18.18,20.299999,20.299999,74107800
5/15/2020,19.67,20.959999,19.280001,19.92,19.92,39808000
5/18/2020,21.790001,24.26,21.459999,24.129999,24.129999,72649600
5/19/2020,25.620001,25.67,23.33,23.68,23.68,81388000
5/20/2020,24.379999,25.389999,24.299999,24.91,24.91,56272000
5/21/2020,25.09,26.58,25,25.84,25.84,53737300
5/22/2020,26.379999,26.58,24.67,25.4,25.4,45062100
5/26/2020,27.48,29.879999,27.450001,29.540001,29.540001,88220700
5/27/2020,32.25,32.75,28.540001,30.690001,30.690001,89323200
5/28/2020,30,30,28.530001,28.889999,28.889999,57057500
5/29/2020,27.110001,28.879999,26.65,28.040001,28.040001,64242000
6/1/2020,28.190001,30.290001,27.950001,29.459999,29.459999,57268700
6/2/2020,30.120001,30.92,29.309999,29.91,29.91,47473400
6/3/2020,30.75,33.900002,30.389999,33.650002,33.650002,85543700
6/4/2020,35.77,39.849998,34.139999,39.099998,39.099998,142812800
6/5/2020,48.950001,48.950001,41.259998,42.41,42.41,135585100
6/8/2020,45.860001,48.849998,44.57,48.689999,48.689999,89957300
6/9/2020,45,46.099998,41.5,44.639999,44.639999,79612800
6/10/2020,42.040001,42.599998,38.299999,39.720001,39.720001,105254900
6/11/2020,33.259998,36.380001,32.220001,33.32,33.32,104768800
6/12/2020,37.509998,39.68,36.150002,39.66,39.66,98882600
6/15/2020,36.040001,39.869999,35.509998,39,39,102434800
6/16/2020,42.509998,42.75,39.52,40.209999,40.209999,71155200
6/17/2020,39.09,39.77,38.220001,39.25,39.25,60125900
6/18/2020,37.650002,40.200001,37.5,39.34,39.34,64927100
6/19/2020,39.939999,40.259998,35.759998,36.84,36.84,101013900
6/22/2020,35.18,37.099998,35,36.540001,36.540001,65256600
6/23/2020,36.560001,36.880001,34.369999,36.080002,36.080002,63531800
6/24/2020,34.68,35.23,32.619999,33.07,33.07,65450800
6/25/2020,31.35,34.759998,31.030001,34.689999,34.689999,72479500
6/26/2020,34.5,34.610001,32,32.889999,32.889999,58993300
6/29/2020,33.200001,35.5,31.809999,35.27,35.27,64905800
6/30/2020,34.599998,35.360001,33.23,34.610001,34.610001,54406400
7/1/2020,36.919998,38.369999,34.029999,34.450001,34.450001,87861300
7/2/2020,35.880001,36.080002,33.950001,34.139999,34.139999,53576600
7/6/2020,34.759998,35.41,33.52,35.209999,35.209999,46540300
7/7/2020,34.07,34.119999,32.380001,32.549999,32.549999,47337600
7/8/2020,31.620001,33.029999,31.32,32.529999,32.529999,55863900
7/9/2020,32,32.490002,29.959999,30.17,30.17,53324000
7/10/2020,29.379999,32.900002,29.23,32.669998,32.669998,80475500
7/13/2020,33.23,33.369999,31.01,31.76,31.76,56573000
7/14/2020,30.700001,32.32,30.42,31.74,31.74,44172200
7/15/2020,34.130001,36.779999,33.16,36.369999,36.369999,84741900
7/16/2020,34.599998,35.380001,33.880001,34.490002,34.490002,53333200
7/17/2020,34.27,34.98,33.48,33.919998,33.919998,37397500
7/20/2020,33.900002,34.389999,32.18,32.330002,32.330002,36534200
7/21/2020,32.639999,33.779999,32.459999,33.07,33.07,45726100
7/22/2020,32.82,33.259998,31.629999,31.67,31.67,48195800
7/23/2020,31.35,35.130001,30.950001,33.23,33.23,82254200
7/24/2020,32.880001,33.689999,32.470001,32.880001,32.880001,38446600
7/27/2020,32.889999,33.66,32.049999,32.419998,32.419998,33062600
7/28/2020,32.27,34.040001,32.27,33.459999,33.459999,41625400
7/29/2020,33.610001,34.150002,32.220001,32.57,32.57,31122800
7/30/2020,32.029999,32.279999,31.549999,31.74,31.74,31536800
7/31/2020,31.690001,31.77,30.690001,31.379999,31.379999,29584900
8/3/2020,31.33,32.279999,30.32,31.870001,31.870001,35214400
8/4/2020,32.009998,33.700001,32.009998,32.290001,32.290001,30010100
8/5/2020,33.310001,34.57,32.169998,33.73,33.73,48193200
8/6/2020,34.25,35.029999,33.23,34.400002,34.400002,51250700
8/7/2020,33.900002,34.419998,33.450001,34.330002,34.330002,30394500
8/10/2020,34.650002,37.549999,34.639999,37.540001,37.540001,48876400
8/11/2020,39.639999,39.860001,36.66,36.830002,36.830002,56549300
8/12/2020,37.549999,37.740002,35.470001,36.400002,36.400002,34982400
8/13/2020,35.740002,37.52,35.52,35.810001,35.810001,35460100
8/14/2020,35.349998,36.57,35.200001,36.18,36.18,28384100
8/17/2020,36.209999,36.299999,34.360001,34.400002,34.400002,22574300
8/18/2020,34.389999,34.880001,33.580002,33.98,33.98,19070300
8/19/2020,34.360001,36.560001,34.130001,34.439999,34.439999,40587900
8/20/2020,33.919998,34.389999,33.200001,34.049999,34.049999,28197000
8/21/2020,33.799999,34.439999,32.98,33.040001,33.040001,22730300
8/24/2020,33.669998,36.389999,33.200001,36.32,36.32,50533600
8/25/2020,36.439999,36.939999,34.48,35.220001,35.220001,39748300
8/26/2020,35.259998,35.509998,34.110001,34.25,34.25,23414500
8/27/2020,35.5,37.990002,35.18,36.220001,36.220001,51046500
8/28/2020,37.139999,37.439999,35.889999,37.34,37.34,35228900
8/31/2020,37.25,37.439999,35.73,36,36,27114200
9/1/2020,35.25,37.240002,34.950001,36.009998,36.009998,29722200
9/2/2020,36.099998,37.099998,35.209999,36.889999,36.889999,26622800
9/3/2020,37.130001,39.77,36.139999,37.400002,37.400002,53966400
9/4/2020,38.150002,38.740002,36.459999,38.209999,38.209999,33121600
9/8/2020,37.299999,38.48,36.48,37.279999,37.279999,33207100
9/9/2020,36.900002,37.080002,35.59,36.029999,36.029999,25407600
9/10/2020,36.349998,37.330002,36.18,36.450001,36.450001,24905300
9/11/2020,36.630001,36.799999,35.48,36.07,36.07,19198700
9/14/2020,36.299999,36.880001,35.84,36.740002,36.740002,18939900
9/15/2020,36.84,37.880001,36.380001,36.799999,36.799999,21378200
9/16/2020,36.900002,38.900002,36.360001,38.299999,38.299999,33232400
9/17/2020,37.689999,39.279999,37.139999,38.349998,38.349998,31339700
9/18/2020,38.16,38.34,36.68,36.970001,36.970001,32772800
9/21/2020,35.400002,35.470001,33.18,33.790001,33.790001,29900900
9/22/2020,34.150002,34.650002,33.560001,34.07,34.07,16700600
9/23/2020,34.279999,35.049999,33.049999,33.080002,33.080002,21576900
9/24/2020,32.779999,33.400002,31.219999,32.740002,32.740002,24638800
9/25/2020,32.560001,34.27,32.490002,34.200001,34.200001,21461100
9/28/2020,35.32,36.900002,34.66,35.939999,35.939999,34828100
9/29/2020,35.549999,35.610001,34.240002,34.509998,34.509998,24979800
9/30/2020,34.950001,36.220001,34.540001,34.75,34.75,29441400
10/1/2020,35.23,35.490002,34.57,35.18,35.18,18972200
10/2/2020,33.360001,36.77,33.27,36.009998,36.009998,35081000
10/5/2020,36.43,36.580002,35.419998,36.200001,36.200001,18046400
10/6/2020,36.73,37.09,34.84,34.880001,34.880001,28719000
10/7/2020,36.509998,37.220001,35.880001,36.380001,36.380001,27677300
10/8/2020,37.16,37.689999,35.849998,37,37,28333500
10/9/2020,37.049999,37.799999,36.27,37.119999,37.119999,25311800
10/12/2020,36.700001,36.990002,36.259998,36.380001,36.380001,20202600
10/13/2020,35.669998,35.950001,35.220001,35.259998,35.259998,17303000
10/14/2020,35.259998,36.330002,35.169998,35.610001,35.610001,14976500
10/15/2020,35.18,35.380001,33.639999,34.25,34.25,23652000
10/16/2020,34.310001,34.580002,33.82,34.16,34.16,16210000
10/19/2020,34.450001,36.549999,34.439999,35.5,35.5,33094400
10/20/2020,36.16,36.59,35.200001,36.060001,36.060001,22578100
10/21/2020,35.91,36.139999,35.209999,35.540001,35.540001,16092700
10/22/2020,35.900002,37.450001,35.650002,37.240002,37.240002,24747800
10/23/2020,37.099998,38.099998,36.52,38.009998,38.009998,20690300
10/26/2020,37.369999,37.400002,34.669998,35.34,35.34,25924500
10/27/2020,35.110001,35.650002,34.150002,34.169998,34.169998,17594200
10/28/2020,33.110001,33.66,32.16,32.599998,32.599998,21822900
10/29/2020,32.630001,33.75,32.43,33.57,33.57,17257400
10/30/2020,33.150002,34.02,32.830002,33.860001,33.860001,18783200
11/2/2020,34.080002,34.099998,32.950001,33.779999,33.779999,13901000
11/3/2020,34.32,34.68,33.759998,34.02,34.02,16309000
11/4/2020,34,34.25,32.959999,33.34,33.34,14812300
11/5/2020,33.700001,35.459999,33.57,35.349998,35.349998,16192100
11/6/2020,34.900002,35.150002,34.200001,34.68,34.68,13194100
11/9/2020,41.900002,44.060001,39.130001,41.32,41.32,60942600
11/10/2020,40.450001,41.630001,39.48,40.049999,40.049999,26596600
11/11/2020,40.07,40.16,38.189999,38.509998,38.509998,20044100
11/12/2020,37.450001,38.709999,36.560001,36.849998,36.849998,23503200
11/13/2020,37.240002,39.099998,37.080002,38.990002,38.990002,19977400
11/16/2020,42.18,42.779999,40.049999,41,41,28722700
11/17/2020,40,41.099998,39.580002,40.599998,40.599998,19661400
11/18/2020,41.490002,42.889999,41.049999,41.049999,41.049999,22482000
11/19/2020,41,41.439999,40.189999,40.939999,40.939999,18556300
11/20/2020,40.709999,40.970001,39.669998,39.900002,39.900002,15604700
11/23/2020,40.169998,41.18,40.049999,40.93,40.93,21730000
11/24/2020,42.709999,45,42.450001,44.959999,44.959999,29934600
11/25/2020,44.490002,45.91,43.650002,45.639999,45.639999,24250800
11/27/2020,46.200001,46.759998,45.139999,45.299999,45.299999,14103900
11/30/2020,46.470001,46.5,44.200001,45.049999,45.049999,23401500
12/1/2020,45.830002,46.57,45.23,45.32,45.32,18811700
12/2/2020,45.099998,46.73,44.52,46.73,46.73,17745700
12/3/2020,47.669998,50.970001,47.66,49.91,49.91,32545200
12/4/2020,50.490002,51.310001,48.77,49.240002,49.240002,26300600
12/7/2020,49.279999,50.349998,48.709999,49.200001,49.200001,22364600
12/8/2020,49.02,50.400002,48.720001,49.040001,49.040001,17797900
12/9/2020,49.84,50.09,46.73,48.02,48.02,23325100
12/10/2020,46.740002,49.709999,46.599998,49.639999,49.639999,19020500
12/11/2020,49.150002,49.889999,47.639999,48.360001,48.360001,14770600
12/14/2020,49.599998,49.650002,46.700001,46.720001,46.720001,15745000
12/15/2020,47.200001,47.560001,45.799999,47.459999,47.459999,16803400
12/16/2020,46.5,46.91,45.549999,46,46,17369500
12/17/2020,46.299999,46.400002,45.459999,45.880001,45.880001,13785000
12/18/2020,45.75,45.950001,44.560001,44.740002,44.740002,16333200
12/21/2020,43.349998,44.419998,42.630001,44.060001,44.060001,21879100
12/22/2020,44.650002,44.790001,42.43,42.970001,42.970001,16519200
12/23/2020,43.099998,44.689999,43.080002,44.110001,44.110001,15284700
12/24/2020,44.400002,44.419998,43.009998,43.259998,43.259998,7230600
12/28/2020,44.040001,44.630001,43.75,43.919998,43.919998,13693200
12/29/2020,44.450001,44.650002,43.549999,43.740002,43.740002,9927700
12/30/2020,43.639999,44.759998,43.459999,44.650002,44.650002,9473300
12/31/2020,44.41,44.560001,43.110001,43.25,43.25,12684000
1/4/2021,43.68,43.700001,41.43,41.630001,41.630001,14710200
1/5/2021,41.580002,43.599998,41.5,43.400002,43.400002,12294500
1/6/2021,43.599998,44.279999,42.860001,43.540001,43.540001,12318900
1/7/2021,43.799999,44.84,43.610001,43.619999,43.619999,9592900
1/8/2021,43.580002,44,43.02,43.290001,43.290001,9215300
1/11/2021,42.669998,43.259998,42.25,42.700001,42.700001,8973200
1/12/2021,42.810001,44.169998,42.459999,44.080002,44.080002,9053100
1/13/2021,44.169998,44.639999,43.439999,44.43,44.43,11390200
1/14/2021,45.32,46.799999,45.32,46.290001,46.290001,16310500
1/15/2021,45.849998,45.98,43.880001,43.889999,43.889999,13211500
1/19/2021,44.599998,44.900002,43.77,44.75,44.75,9706300
1/20/2021,45.040001,45.650002,44.41,45.18,45.18,11661300
1/21/2021,43.799999,43.98,41.720001,42.59,42.59,32158200
1/22/2021,41.950001,42.290001,41.610001,42.139999,42.139999,13545000
1/25/2021,41.540001,41.73,39.900002,40.380001,40.380001,20281900
1/26/2021,40.799999,41.389999,40.560001,41.25,41.25,13388600
1/27/2021,40.740002,41.650002,40.310001,40.91,40.91,15280000
1/28/2021,42.830002,44.200001,41.619999,42.549999,42.549999,22175000
1/29/2021,42.110001,42.5,39.77,39.990002,39.990002,24192600
2/1/2021,40.349998,40.41,39.169998,39.939999,39.939999,13143400
2/2/2021,40.630001,40.91,39.939999,40.830002,40.830002,13118600
2/3/2021,41.02,42.200001,40.52,42.040001,42.040001,15174800
2/4/2021,42.150002,42.610001,41.84,42.41,42.41,13633800
2/5/2021,42.880001,42.939999,41.939999,42.139999,42.139999,10764300
2/8/2021,42.5,44.639999,42.220001,44.349998,44.349998,19794300
2/9/2021,44.060001,44.09,42.82,43.32,43.32,11967200
2/10/2021,43.860001,44.220001,43.360001,43.779999,43.779999,9772500
2/11/2021,43.639999,43.84,42.990002,43.439999,43.439999,8478100
2/12/2021,43.110001,44.470001,42.900002,43.939999,43.939999,8987500
2/16/2021,45.07,45.810001,44.560001,45.709999,45.709999,13954900
2/17/2021,45.41,46.48,44.720001,46.080002,46.080002,12821500
2/18/2021,45.200001,45.439999,44.299999,44.959999,44.959999,10250400
2/19/2021,45.52,48.360001,45.439999,48.029999,48.029999,21112000
2/22/2021,49.259998,51.82,48.349998,49.700001,49.700001,27547900
2/23/2021,50.200001,51.18,46.959999,50.610001,50.610001,20125000
2/24/2021,51.110001,55.869999,50.869999,54.959999,54.959999,27482100
2/25/2021,54.849998,55,50.419998,51.779999,51.779999,25950000
2/26/2021,51.509998,53.41,51.200001,52.68,52.68,18330200
3/1/2021,55.439999,55.93,52.779999,53.310001,53.310001,19500600
3/2/2021,53.66,54.049999,52.75,53.209999,53.209999,12371000
3/3/2021,53.610001,55.200001,53.279999,54.57,54.57,18438900
3/4/2021,54.639999,54.849998,49.950001,52.049999,52.049999,19937500
3/5/2021,52.650002,52.73,46.560001,50.52,50.52,21503200
3/8/2021,51.349998,54.330002,51.34,54.060001,54.060001,17589000
3/9/2021,53.810001,54.16,51.799999,53.43,53.43,15292800
3/10/2021,53.400002,54.369999,52.849998,53.919998,53.919998,13438900
3/11/2021,54.299999,55.869999,53.369999,54.060001,54.060001,17140800
3/12/2021,54,56.439999,53.610001,56.290001,56.290001,19762500
3/15/2021,58.25,61.689999,57.919998,60.939999,60.939999,35290100
3/16/2021,61.110001,61.200001,59.209999,59.810001,59.810001,18306400
3/17/2021,59.110001,62.560001,58.860001,62.450001,62.450001,18338000
3/18/2021,62.169998,63.700001,60.580002,60.82,60.82,19105700
3/19/2021,60.900002,60.950001,58.639999,60.77,60.77,19643800
3/22/2021,59.75,60.200001,58.209999,58.330002,58.330002,12958300
3/23/2021,57.110001,58.080002,53.849998,54.360001,54.360001,21698200
3/24/2021,55.66,56.959999,53.779999,53.830002,53.830002,18015800
3/25/2021,52.91,56.290001,52.029999,56.049999,56.049999,21500100
3/26/2021,57.09,57.369999,55.220001,56.830002,56.830002,15432400
3/29/2021,56.799999,57.310001,55.41,56.200001,56.200001,12083000
3/30/2021,56.779999,58.5,56.48,58.209999,58.209999,12708900
3/31/2021,58,58.009998,57.060001,57.540001,57.540001,11023800
4/1/2021,57.66,58.549999,57.279999,57.82,57.82,10932200
4/5/2021,59.34,60.889999,58.939999,59.290001,59.290001,17175700
4/6/2021,59.880001,60.419998,58.869999,59.48,59.48,11917200
4/7/2021,59.790001,61.34,59.189999,59.57,59.57,13772600
4/8/2021,59.139999,59.470001,57.75,59.43,59.43,13655800
4/9/2021,59.02,59.360001,57.790001,58.43,58.43,10896100
4/12/2021,57.57,57.709999,55.290001,56.16,56.16,18714700
4/13/2021,54.41,56.860001,53.900002,56.66,56.66,15349400
4/14/2021,57.459999,58.52,56.540001,56.919998,56.919998,12971100
4/15/2021,57.790001,57.849998,55.57,56.119999,56.119999,12123400
4/16/2021,56.470001,57.150002,55.709999,55.869999,55.869999,10620400
4/19/2021,55.790001,55.970001,54.740002,54.990002,54.990002,13984400
4/20/2021,53.470001,53.790001,49.470001,50.299999,50.299999,44364800
4/21/2021,49.880001,51.889999,48.900002,51.860001,51.860001,21085600
4/22/2021,52.34,53.09,50.880001,51.029999,51.029999,20538200
4/23/2021,51.209999,53.349998,50.639999,53.110001,53.110001,13841100
4/26/2021,54.049999,54.470001,53.220001,53.779999,53.779999,12358800
4/27/2021,53.779999,54.119999,53.189999,53.48,53.48,10331500
4/28/2021,53.25,54.040001,52.970001,53.549999,53.549999,11536000
4/29/2021,54.099998,54.32,53.119999,53.689999,53.689999,9804800
4/30/2021,53.220001,54.91,53.130001,54.400002,54.400002,11144000
5/3/2021,54.669998,54.869999,53.610001,54.459999,54.459999,9912900
5/4/2021,54.09,54.470001,51.73,52.799999,52.799999,13673200
5/5/2021,52.75,53.959999,52.439999,53.27,53.27,11151300
5/6/2021,53.43,53.77,52.099998,53.049999,53.049999,10524400
5/7/2021,52.93,54.959999,52.689999,54.73,54.73,11819900
5/10/2021,54.950001,55.610001,54,54.029999,54.029999,10852900
5/11/2021,52.040001,53.169998,51.200001,52.700001,52.700001,15065900
5/12/2021,52.119999,53.080002,50.900002,51.009998,51.009998,12728700
5/13/2021,51.419998,52.73,51.07,52.43,52.43,13363900
5/14/2021,53.400002,55.509998,53.290001,55.279999,55.279999,14499200
5/17/2021,55.009998,56.73,54.259998,56.57,56.57,17529900
5/18/2021,57.080002,57.75,55.950001,56.380001,56.380001,13706200
5/19/2021,55.080002,56.27,54.48,55.790001,55.790001,15121600
5/20/2021,56,56,54.209999,55.09,55.09,11702500
5/21/2021,55.450001,55.970001,55.119999,55.299999,55.299999,10527400
5/24/2021,56,56.34,54.919998,56.139999,56.139999,9470700
5/25/2021,57.650002,59.290001,56.779999,56.98,56.98,23605700
5/26/2021,57.75,58.43,57.23,58.009998,58.009998,11697300
5/27/2021,58.59,59.23,57.869999,59.130001,59.130001,12307500
5/28/2021,58.950001,59.200001,57.959999,58.349998,58.349998,14357300
6/1/2021,59.119999,60.41,58.959999,59.669998,59.669998,14321100
6/2/2021,60.150002,60.59,59.610001,60.290001,60.290001,12089200
6/3/2021,59.599998,59.599998,57.68,57.73,57.73,13746500
6/4/2021,58.299999,58.400002,56.720001,56.93,56.93,13622800
6/7/2021,57.34,57.970001,57.02,57.299999,57.299999,8915000
6/8/2021,57.900002,58.119999,56.830002,57.73,57.73,10778000
6/9/2021,57.990002,58.009998,57.169998,57.23,57.23,8151500
6/10/2021,57.599998,58.07,55.93,56.259998,56.259998,11664000
6/11/2021,56.16,56.830002,56.099998,56.52,56.52,9780500
6/14/2021,56.630001,57,55.540001,55.740002,55.740002,8248500
6/15/2021,55.740002,56.02,54.919998,55.290001,55.290001,7542000
6/16/2021,55.18,56.099998,54.98,55.599998,55.599998,9952000
6/17/2021,55.77,56.41,53.48,54.240002,54.240002,12509900
6/18/2021,53.869999,55.380001,53.540001,54.919998,54.919998,12490700
6/21/2021,55.240002,55.880001,54.549999,55.689999,55.689999,10891600
6/22/2021,55.490002,55.57,54.099998,55.169998,55.169998,9819700
6/23/2021,55.130001,55.490002,54.900002,55.119999,55.119999,9957500
6/24/2021,55.110001,55.389999,53.959999,54.34,54.34,11548600
6/25/2021,54.52,54.57,53.720001,53.880001,53.880001,12256400
6/28/2021,53.5,53.509998,51.669998,52.490002,52.490002,19098800
6/29/2021,52.66,53.080002,52.029999,52.150002,52.150002,12598300
6/30/2021,52.27,52.959999,51.869999,52.290001,52.290001,9244500
7/1/2021,52.790001,53.759998,52.689999,53.080002,53.080002,8577600
7/2/2021,53.169998,53.169998,52.09,52.77,52.77,9205500
7/6/2021,52.68,53.209999,51.02,51.439999,51.439999,10652300
7/7/2021,51.040001,51.869999,49.779999,50.299999,50.299999,12719100
7/8/2021,49.080002,50.52,48.57,49.66,49.66,13207800
7/9/2021,50.330002,51.32,49.970001,51.099998,51.099998,9914700
7/12/2021,50.330002,51.02,49.439999,50.619999,50.619999,11567200
7/13/2021,49.759998,50.040001,48.380001,48.5,48.5,14287200
7/14/2021,49.040001,49.959999,47.869999,48.16,48.16,14949300
7/15/2021,47.900002,48.630001,46.959999,47.709999,47.709999,12331800
7/16/2021,48.450001,48.48,45.830002,46.009998,46.009998,13760700
7/19/2021,43.700001,44.650002,42.560001,43.459999,43.459999,26444000
7/20/2021,43.549999,46.459999,43.07,46.32,46.32,21894000
7/21/2021,47.119999,48.939999,46.990002,48.099998,48.099998,23048300
7/22/2021,47.689999,48.700001,46.799999,47.950001,47.950001,12922300
7/23/2021,48.139999,48.48,47.16,47.529999,47.529999,9491300
7/26/2021,47.5,49.529999,47.400002,49.459999,49.459999,10775300
7/27/2021,49.110001,49.57,48.09,48.650002,48.650002,10559900
7/28/2021,49.080002,49.509998,48.040001,49.139999,49.139999,9772500
7/29/2021,49.580002,49.599998,48.459999,48.490002,48.490002,7643600
7/30/2021,47.689999,48.23,46.490002,46.720001,46.720001,12057700
8/2/2021,46.849998,48.23,45.950001,46.07,46.07,10995900
8/3/2021,46.119999,46.57,44.610001,46.540001,46.540001,12597000
8/4/2021,45.52,46.650002,44.900002,45.279999,45.279999,12205000
8/5/2021,45.52,47.669998,45.380001,47.240002,47.240002,12644600
8/6/2021,47.720001,48.130001,46.580002,47.619999,47.619999,9910400
8/9/2021,46.990002,47,45.529999,46.450001,46.450001,13064800
8/10/2021,46.369999,48.240002,46.169998,47.68,47.68,12551700
8/11/2021,47.139999,48.41,46.459999,48.209999,48.209999,12779300
8/12/2021,47.91,48.009998,46.549999,47.240002,47.240002,9307300
8/13/2021,47.080002,47.380001,46.27,46.490002,46.490002,7563100
8/16/2021,45.619999,46.549999,45.16,46.299999,46.299999,8402500
8/17/2021,45.439999,45.799999,44.52,45.290001,45.290001,9745500
8/18/2021,45.119999,45.990002,44.709999,45.040001,45.040001,9460700
8/19/2021,44.77,44.900002,43.169998,43.93,43.93,12360700
8/20/2021,43.790001,44.32,43.48,44.029999,44.029999,9855900
8/23/2021,44.639999,45.630001,44.32,45.529999,45.529999,8269200
8/24/2021,46.34,47.560001,46.279999,47.119999,47.119999,10048000
8/25/2021,47.299999,47.939999,46.540001,47.59,47.59,9772300
8/26/2021,47.299999,48.02,46.400002,47.009998,47.009998,8604000
8/27/2021,47.169998,48.220001,47.029999,47.709999,47.709999,6816100
8/30/2021,48.009998,48.009998,45.709999,45.91,45.91,11376100
8/31/2021,45.73,46.830002,45.610001,46.509998,46.509998,8884200
9/1/2021,46.75,46.93,45.950001,46.189999,46.189999,8608000
9/2/2021,46.279999,47.490002,45.869999,46.759998,46.759998,9780100
9/3/2021,46.599998,47.360001,45.919998,46.220001,46.220001,7705300
9/7/2021,46.02,46.779999,45.68,46.57,46.57,7802500
9/8/2021,46.700001,47.189999,45.419998,45.529999,45.529999,9053400
9/9/2021,45.240002,47.740002,45.07,46.580002,46.580002,12872300
9/10/2021,46.82,46.82,44.18,44.34,44.34,17476100
9/13/2021,44.73,45.18,43.57,44.84,44.84,14173600
9/14/2021,44.630001,44.93,43.580002,43.869999,43.869999,10762800
9/15/2021,43.650002,43.91,43.02,43.860001,43.860001,10321600
9/16/2021,43.860001,45.41,43.849998,44.470001,44.470001,12204300
9/17/2021,44.779999,45.5,44.110001,44.540001,44.540001,11743900
9/20/2021,44.759998,45.34,43.59,45.27,45.27,14700300
9/21/2021,45.5,46.259998,44.279999,44.450001,44.450001,12217700
9/22/2021,44.849998,46.290001,44.830002,45.68,45.68,13783000
9/23/2021,46.18,47.830002,46.099998,47.470001,47.470001,13703500
9/24/2021,47.380001,48.950001,47.380001,48.790001,48.790001,12236400
9/27/2021,49.509998,50.560001,48.98,49.080002,49.080002,14094300
9/28/2021,49.02,49.669998,48.349998,48.68,48.68,9820600
9/29/2021,48.880001,49.41,47.779999,48.709999,48.709999,9791600
9/30/2021,48.380001,48.400002,47.18,47.57,47.57,12016500
10/1/2021,48.900002,51.48,48.880001,51.34,51.34,21464900
10/4/2021,51.759998,52.43,50.98,51.299999,51.299999,13986700
10/5/2021,51.360001,51.860001,50.369999,50.880001,50.880001,9828100
10/6/2021,49.849998,50.279999,49.060001,50.220001,50.220001,9995900
10/7/2021,50.869999,50.900002,49.209999,49.52,49.52,10812100
10/8/2021,49.5,49.650002,48.650002,49.16,49.16,7338500
10/11/2021,48.75,49.98,48.23,49.18,49.18,8145100
10/12/2021,49.09,50.139999,48.669998,49.669998,49.669998,7402300
10/13/2021,49.369999,49.41,47.459999,47.880001,47.880001,13271500
10/14/2021,48.330002,48.650002,47.830002,47.91,47.91,7435000
10/15/2021,48.630001,49.290001,47.939999,48,48,8516900
10/18/2021,47.700001,48.130001,47.150002,47.169998,47.169998,9126800
10/19/2021,47.200001,47.25,46.080002,46.220001,46.220001,14646400
10/20/2021,46.900002,46.900002,45.580002,45.950001,45.950001,19751200
10/21/2021,46.18,47.18,45.98,46.720001,46.720001,13252600
10/22/2021,46.119999,47.380001,46.119999,46.73,46.73,8565800
10/25/2021,46.540001,47.18,46.240002,46.650002,46.650002,7494200
10/26/2021,47.099998,47.630001,46.540001,46.790001,46.790001,9345500
10/27/2021,47.119999,47.43,45.790001,45.82,45.82,7896600
10/28/2021,46,46.259998,45.439999,46.009998,46.009998,7376800
10/29/2021,45.860001,46.450001,45.48,46.139999,46.139999,9674900
11/1/2021,46.18,48.150002,45.82,48.049999,48.049999,13566900
11/2/2021,47.919998,48.080002,47.189999,47.98,47.98,8764900
11/3/2021,47.779999,49.23,47.189999,49.049999,49.049999,11270800
11/4/2021,49.299999,49.470001,48.380001,49.139999,49.139999,8659200
11/5/2021,52.389999,52.869999,50.880001,52.709999,52.709999,21531900
11/8/2021,53.869999,54.52,52.810001,53.110001,53.110001,14923100
11/9/2021,52.91,53.099998,51.66,52.810001,52.810001,7623900
11/10/2021,51.93,52.810001,51.529999,51.77,51.77,7155800
11/11/2021,51.57,52.150002,51.310001,51.34,51.34,5878800
11/12/2021,51.349998,51.41,49.279999,49.830002,49.830002,10260800
11/15/2021,50.200001,50.830002,50.07,50.48,50.48,6506800
11/16/2021,50.200001,50.360001,48.919998,49.200001,49.200001,9333100
11/17/2021,48.68,49.5,48.259998,48.740002,48.740002,8291600
11/18/2021,48.68,48.849998,46.91,47.43,47.43,9883600
11/19/2021,46.540001,46.540001,45.220001,46.110001,46.110001,17014000
11/22/2021,46.68,47.330002,45.799999,46.48,46.48,10954000
11/23/2021,46.75,47.580002,46.459999,46.700001,46.700001,7006900
11/24/2021,46.200001,47.130001,45.799999,46.73,46.73,5595600
11/26/2021,43.669998,43.709999,40.110001,42.259998,42.259998,36386900
11/29/2021,43.18,44.110001,41.68,42.540001,42.540001,18487100
11/30/2021,41.450001,42.34,40.669998,42.259998,42.259998,14919000
12/1/2021,43.029999,43.57,38.880001,39.060001,39.060001,27503000
12/2/2021,39.77,42.040001,38.900002,41.639999,41.639999,24005600
12/3/2021,41.220001,41.59,39.700001,40.610001,40.610001,17315000
12/6/2021,41.610001,45.41,41.529999,43.990002,43.990002,27543800
12/7/2021,44.98,45.459999,42.98,43.41,43.41,17781000
12/8/2021,43.740002,46.599998,43.59,45.25,45.25,22497300
12/9/2021,44.799999,45.25,43.98,44.439999,44.439999,12453100
12/10/2021,44.16,44.290001,43.119999,44.049999,44.049999,11020600
12/13/2021,42.84,42.990002,41.049999,41.740002,41.740002,16089500
12/14/2021,41.16,42.59,41.16,41.380001,41.380001,12280300
12/15/2021,41.099998,41.639999,39.740002,41.5,41.5,14853300
12/16/2021,42.330002,42.650002,39.880001,40.049999,40.049999,12724200
12/17/2021,40.330002,41.619999,39.48,40.779999,40.779999,14993800
12/20/2021,39.459999,41.709999,39.110001,41.099998,41.099998,14567200
12/21/2021,41.619999,44.23,41.580002,43.93,43.93,19615800
12/22/2021,43.950001,45.209999,43.509998,44.57,44.57,13013100
12/23/2021,45.220001,45.48,44.34,44.869999,44.869999,10309300
